檔名,頁數,位置,網址,切割圖檔
./第1屆高雄市市長擬參選人陳菊政治獻金專戶/30100701-01.jpg,,0,http://pic.pimg.tw/ronnywang/1399905599-3016787728.jpg,570792690-0.png
./第1屆高雄市市長擬參選人陳菊政治獻金專戶/30100701-01.jpg,,1,http://pic.pimg.tw/ronnywang/1399905599-3016787728.jpg,570792690-1.png
./第1屆高雄市市長擬參選人陳菊政治獻金專戶/30100701-01.jpg,,2,http://pic.pimg.tw/ronnywang/1399905599-3016787728.jpg,570792690-2.png
./第1屆高雄市市長擬參選人陳菊政治獻金專戶/30100701-01.jpg,,3,http://pic.pimg.tw/ronnywang/1399905599-3016787728.jpg,570792690-3.png
./第1屆高雄市市長擬參選人陳菊政治獻金專戶/30100701-01.jpg,,4,http://pic.pimg.tw/ronnywang/1399905599-3016787728.jpg,570792690-4.png
./第1屆高雄市市長擬參選人陳菊政治獻金專戶/30100701-01.jpg,,5,http://pic.pimg.tw/ronnywang/1399905599-3016787728.jpg,570792690-5.png
./第1屆高雄市市長擬參選人陳菊政治獻金專戶/30100701-01.jpg,,6,http://pic.pimg.tw/ronnywang/1399905599-3016787728.jpg,570792690-6.png
./第1屆高雄市市長擬參選人陳菊政治獻金專戶/30100701-01.jpg,,7,http://pic.pimg.tw/ronnywang/1399905599-3016787728.jpg,570792690-7.png
./第1屆高雄市市長擬參選人陳菊政治獻金專戶/30100701-01.jpg,,8,http://pic.pimg.tw/ronnywang/1399905599-3016787728.jpg,570792690-8.png
./第1屆高雄市市長擬參選人陳菊政治獻金專戶/30100701-02.jpg,,0,http://pic.pimg.tw/ronnywang/1399905732-667973391.jpg,4171317625-0.png
./第1屆高雄市市長擬參選人陳菊政治獻金專戶/30100701-02.jpg,,1,http://pic.pimg.tw/ronnywang/1399905732-667973391.jpg,4171317625-1.png
./第1屆高雄市市長擬參選人陳菊政治獻金專戶/30100701-02.jpg,,2,http://pic.pimg.tw/ronnywang/1399905732-667973391.jpg,4171317625-2.png
./第1屆高雄市市長擬參選人陳菊政治獻金專戶/30100701-02.jpg,,3,http://pic.pimg.tw/ronnywang/1399905732-667973391.jpg,4171317625-3.png
./第1屆高雄市市長擬參選人陳菊政治獻金專戶/30100701-02.jpg,,4,http://pic.pimg.tw/ronnywang/1399905732-667973391.jpg,4171317625-4.png
./第1屆高雄市市長擬參選人陳菊政治獻金專戶/30100701-02.jpg,,5,http://pic.pimg.tw/ronnywang/1399905732-667973391.jpg,4171317625-5.png
./第1屆高雄市市長擬參選人陳菊政治獻金專戶/30100701-02.jpg,,6,http://pic.pimg.tw/ronnywang/1399905732-667973391.jpg,4171317625-6.png
./第1屆高雄市市長擬參選人陳菊政治獻金專戶/30100701-02.jpg,,7,http://pic.pimg.tw/ronnywang/1399905732-667973391.jpg,4171317625-7.png
./第1屆高雄市市長擬參選人陳菊政治獻金專戶/30100701-02.jpg,,8,http://pic.pimg.tw/ronnywang/1399905732-667973391.jpg,4171317625-8.png
./第1屆高雄市市長擬參選人陳菊政治獻金專戶/30100701-03.jpg,,0,http://pic.pimg.tw/ronnywang/1399905299-3729246117.jpg,4053620851-0.png
./第1屆高雄市市長擬參選人陳菊政治獻金專戶/30100701-03.jpg,,1,http://pic.pimg.tw/ronnywang/1399905299-3729246117.jpg,4053620851-1.png
./第1屆高雄市市長擬參選人陳菊政治獻金專戶/30100701-03.jpg,,2,http://pic.pimg.tw/ronnywang/1399905299-3729246117.jpg,4053620851-2.png
./第1屆高雄市市長擬參選人陳菊政治獻金專戶/30100701-03.jpg,,3,http://pic.pimg.tw/ronnywang/1399905299-3729246117.jpg,4053620851-3.png
./第1屆高雄市市長擬參選人陳菊政治獻金專戶/30100701-03.jpg,,4,http://pic.pimg.tw/ronnywang/1399905299-3729246117.jpg,4053620851-4.png
./第1屆高雄市市長擬參選人陳菊政治獻金專戶/30100701-03.jpg,,5,http://pic.pimg.tw/ronnywang/1399905299-3729246117.jpg,4053620851-5.png
./第1屆高雄市市長擬參選人陳菊政治獻金專戶/30100701-03.jpg,,6,http://pic.pimg.tw/ronnywang/1399905299-3729246117.jpg,4053620851-6.png
./第1屆高雄市市長擬參選人陳菊政治獻金專戶/30100702-01.jpg,,0,http://pic.pimg.tw/ronnywang/1399905503-4187608562.jpg?v=1399905512,2448457237-0.png
./第1屆高雄市市長擬參選人陳菊政治獻金專戶/30100702-01.jpg,,1,http://pic.pimg.tw/ronnywang/1399905503-4187608562.jpg?v=1399905512,2448457237-1.png
./第1屆高雄市市長擬參選人陳菊政治獻金專戶/30100702-01.jpg,,2,http://pic.pimg.tw/ronnywang/1399905503-4187608562.jpg?v=1399905512,2448457237-2.png
./第1屆高雄市市長擬參選人陳菊政治獻金專戶/30100702-01.jpg,,3,http://pic.pimg.tw/ronnywang/1399905503-4187608562.jpg?v=1399905512,2448457237-3.png
./第1屆高雄市市長擬參選人陳菊政治獻金專戶/30100702-01.jpg,,4,http://pic.pimg.tw/ronnywang/1399905503-4187608562.jpg?v=1399905512,2448457237-4.png
./第1屆高雄市市長擬參選人陳菊政治獻金專戶/30100702-01.jpg,,5,http://pic.pimg.tw/ronnywang/1399905503-4187608562.jpg?v=1399905512,2448457237-5.png
./第1屆高雄市市長擬參選人陳菊政治獻金專戶/30100702-01.jpg,,6,http://pic.pimg.tw/ronnywang/1399905503-4187608562.jpg?v=1399905512,2448457237-6.png
./第1屆高雄市市長擬參選人陳菊政治獻金專戶/30100702-01.jpg,,7,http://pic.pimg.tw/ronnywang/1399905503-4187608562.jpg?v=1399905512,2448457237-7.png
./第1屆高雄市市長擬參選人陳菊政治獻金專戶/30100702-01.jpg,,8,http://pic.pimg.tw/ronnywang/1399905503-4187608562.jpg?v=1399905512,2448457237-8.png
./第1屆高雄市市長擬參選人陳菊政治獻金專戶/30100702-02.jpg,,0,http://pic.pimg.tw/ronnywang/1399905657-2231099451.jpg?v=1399905669,3583618987-0.png
./第1屆高雄市市長擬參選人陳菊政治獻金專戶/30100702-02.jpg,,1,http://pic.pimg.tw/ronnywang/1399905657-2231099451.jpg?v=1399905669,3583618987-1.png
./第1屆高雄市市長擬參選人陳菊政治獻金專戶/30100702-02.jpg,,2,http://pic.pimg.tw/ronnywang/1399905657-2231099451.jpg?v=1399905669,3583618987-2.png
./第1屆高雄市市長擬參選人陳菊政治獻金專戶/30100702-02.jpg,,3,http://pic.pimg.tw/ronnywang/1399905657-2231099451.jpg?v=1399905669,3583618987-3.png
./第1屆高雄市市長擬參選人陳菊政治獻金專戶/30100702-02.jpg,,4,http://pic.pimg.tw/ronnywang/1399905657-2231099451.jpg?v=1399905669,3583618987-4.png
./第1屆高雄市市長擬參選人陳菊政治獻金專戶/30100702-02.jpg,,5,http://pic.pimg.tw/ronnywang/1399905657-2231099451.jpg?v=1399905669,3583618987-5.png
./第1屆高雄市市長擬參選人陳菊政治獻金專戶/30100702-02.jpg,,6,http://pic.pimg.tw/ronnywang/1399905657-2231099451.jpg?v=1399905669,3583618987-6.png
./第1屆高雄市市長擬參選人陳菊政治獻金專戶/30100702-02.jpg,,7,http://pic.pimg.tw/ronnywang/1399905657-2231099451.jpg?v=1399905669,3583618987-7.png
./第1屆高雄市市長擬參選人陳菊政治獻金專戶/30100702-02.jpg,,8,http://pic.pimg.tw/ronnywang/1399905657-2231099451.jpg?v=1399905669,3583618987-8.png
./第1屆高雄市市長擬參選人陳菊政治獻金專戶/30100702-03.jpg,,0,http://pic.pimg.tw/ronnywang/1399905443-31282218.jpg?v=1399905449,617888118-0.png
./第1屆高雄市市長擬參選人陳菊政治獻金專戶/30100702-03.jpg,,1,http://pic.pimg.tw/ronnywang/1399905443-31282218.jpg?v=1399905449,617888118-1.png
./第1屆高雄市市長擬參選人陳菊政治獻金專戶/30100702-03.jpg,,2,http://pic.pimg.tw/ronnywang/1399905443-31282218.jpg?v=1399905449,617888118-2.png
./第1屆高雄市市長擬參選人陳菊政治獻金專戶/30100702-03.jpg,,3,http://pic.pimg.tw/ronnywang/1399905443-31282218.jpg?v=1399905449,617888118-3.png
./第1屆高雄市市長擬參選人陳菊政治獻金專戶/30100702-03.jpg,,4,http://pic.pimg.tw/ronnywang/1399905443-31282218.jpg?v=1399905449,617888118-4.png
./第1屆高雄市市長擬參選人陳菊政治獻金專戶/30100702-03.jpg,,5,http://pic.pimg.tw/ronnywang/1399905443-31282218.jpg?v=1399905449,617888118-5.png
./第1屆高雄市市長擬參選人陳菊政治獻金專戶/30100702-03.jpg,,6,http://pic.pimg.tw/ronnywang/1399905443-31282218.jpg?v=1399905449,617888118-6.png
./第1屆高雄市市長擬參選人陳菊政治獻金專戶/30100703-01.jpg,,0,http://pic.pimg.tw/ronnywang/1399905151-3270833539.jpg,1053114516-0.png
./第1屆高雄市市長擬參選人陳菊政治獻金專戶/30100703-01.jpg,,1,http://pic.pimg.tw/ronnywang/1399905151-3270833539.jpg,1053114516-1.png
./第1屆高雄市市長擬參選人陳菊政治獻金專戶/30100703-01.jpg,,2,http://pic.pimg.tw/ronnywang/1399905151-3270833539.jpg,1053114516-2.png
./第1屆高雄市市長擬參選人陳菊政治獻金專戶/30100703-01.jpg,,3,http://pic.pimg.tw/ronnywang/1399905151-3270833539.jpg,1053114516-3.png
./第1屆高雄市市長擬參選人陳菊政治獻金專戶/30100703-01.jpg,,4,http://pic.pimg.tw/ronnywang/1399905151-3270833539.jpg,1053114516-4.png
./第1屆高雄市市長擬參選人陳菊政治獻金專戶/30100703-01.jpg,,5,http://pic.pimg.tw/ronnywang/1399905151-3270833539.jpg,1053114516-5.png
./第1屆高雄市市長擬參選人陳菊政治獻金專戶/30100703-01.jpg,,6,http://pic.pimg.tw/ronnywang/1399905151-3270833539.jpg,1053114516-6.png
./第1屆高雄市市長擬參選人陳菊政治獻金專戶/30100703-01.jpg,,7,http://pic.pimg.tw/ronnywang/1399905151-3270833539.jpg,1053114516-7.png
./第1屆高雄市市長擬參選人陳菊政治獻金專戶/30100703-01.jpg,,8,http://pic.pimg.tw/ronnywang/1399905151-3270833539.jpg,1053114516-8.png
./第1屆高雄市市長擬參選人陳菊政治獻金專戶/30100703-02.jpg,,0,http://pic.pimg.tw/ronnywang/1399905684-3321052833.jpg?v=1399905691,3496832805-0.png
./第1屆高雄市市長擬參選人陳菊政治獻金專戶/30100703-02.jpg,,1,http://pic.pimg.tw/ronnywang/1399905684-3321052833.jpg?v=1399905691,3496832805-1.png
./第1屆高雄市市長擬參選人陳菊政治獻金專戶/30100703-02.jpg,,2,http://pic.pimg.tw/ronnywang/1399905684-3321052833.jpg?v=1399905691,3496832805-2.png
./第1屆高雄市市長擬參選人陳菊政治獻金專戶/30100703-02.jpg,,3,http://pic.pimg.tw/ronnywang/1399905684-3321052833.jpg?v=1399905691,3496832805-3.png
./第1屆高雄市市長擬參選人陳菊政治獻金專戶/30100703-02.jpg,,4,http://pic.pimg.tw/ronnywang/1399905684-3321052833.jpg?v=1399905691,3496832805-4.png
./第1屆高雄市市長擬參選人陳菊政治獻金專戶/30100703-02.jpg,,5,http://pic.pimg.tw/ronnywang/1399905684-3321052833.jpg?v=1399905691,3496832805-5.png
./第1屆高雄市市長擬參選人陳菊政治獻金專戶/30100703-02.jpg,,6,http://pic.pimg.tw/ronnywang/1399905684-3321052833.jpg?v=1399905691,3496832805-6.png
./第1屆高雄市市長擬參選人陳菊政治獻金專戶/30100703-02.jpg,,7,http://pic.pimg.tw/ronnywang/1399905684-3321052833.jpg?v=1399905691,3496832805-7.png
./第1屆高雄市市長擬參選人陳菊政治獻金專戶/30100703-02.jpg,,8,http://pic.pimg.tw/ronnywang/1399905684-3321052833.jpg?v=1399905691,3496832805-8.png
./第1屆高雄市市長擬參選人陳菊政治獻金專戶/30100703-03.jpg,,0,http://pic.pimg.tw/ronnywang/1399905469-2229870059.jpg,3545618190-0.png
./第1屆高雄市市長擬參選人陳菊政治獻金專戶/30100703-03.jpg,,1,http://pic.pimg.tw/ronnywang/1399905469-2229870059.jpg,3545618190-1.png
./第1屆高雄市市長擬參選人陳菊政治獻金專戶/30100703-03.jpg,,2,http://pic.pimg.tw/ronnywang/1399905469-2229870059.jpg,3545618190-2.png
./第1屆高雄市市長擬參選人陳菊政治獻金專戶/30100703-03.jpg,,3,http://pic.pimg.tw/ronnywang/1399905469-2229870059.jpg,3545618190-3.png
./第1屆高雄市市長擬參選人陳菊政治獻金專戶/30100703-03.jpg,,4,http://pic.pimg.tw/ronnywang/1399905469-2229870059.jpg,3545618190-4.png
./第1屆高雄市市長擬參選人陳菊政治獻金專戶/30100703-03.jpg,,5,http://pic.pimg.tw/ronnywang/1399905469-2229870059.jpg,3545618190-5.png
./第1屆高雄市市長擬參選人陳菊政治獻金專戶/30100703-03.jpg,,6,http://pic.pimg.tw/ronnywang/1399905469-2229870059.jpg,3545618190-6.png
./第1屆高雄市市長擬參選人陳菊政治獻金專戶/30100704-01.jpg,,0,http://pic.pimg.tw/ronnywang/1399905108-143370918.jpg,3965582504-0.png
./第1屆高雄市市長擬參選人陳菊政治獻金專戶/30100704-01.jpg,,1,http://pic.pimg.tw/ronnywang/1399905108-143370918.jpg,3965582504-1.png
./第1屆高雄市市長擬參選人陳菊政治獻金專戶/30100704-01.jpg,,2,http://pic.pimg.tw/ronnywang/1399905108-143370918.jpg,3965582504-2.png
./第1屆高雄市市長擬參選人陳菊政治獻金專戶/30100704-01.jpg,,3,http://pic.pimg.tw/ronnywang/1399905108-143370918.jpg,3965582504-3.png
./第1屆高雄市市長擬參選人陳菊政治獻金專戶/30100704-01.jpg,,4,http://pic.pimg.tw/ronnywang/1399905108-143370918.jpg,3965582504-4.png
./第1屆高雄市市長擬參選人陳菊政治獻金專戶/30100704-01.jpg,,5,http://pic.pimg.tw/ronnywang/1399905108-143370918.jpg,3965582504-5.png
./第1屆高雄市市長擬參選人陳菊政治獻金專戶/30100704-01.jpg,,6,http://pic.pimg.tw/ronnywang/1399905108-143370918.jpg,3965582504-6.png
./第1屆高雄市市長擬參選人陳菊政治獻金專戶/30100704-01.jpg,,7,http://pic.pimg.tw/ronnywang/1399905108-143370918.jpg,3965582504-7.png
./第1屆高雄市市長擬參選人陳菊政治獻金專戶/30100704-01.jpg,,8,http://pic.pimg.tw/ronnywang/1399905108-143370918.jpg,3965582504-8.png
./第1屆高雄市市長擬參選人陳菊政治獻金專戶/30100704-02.jpg,,0,http://pic.pimg.tw/ronnywang/1399905242-3161148.jpg?v=1399905249,612791417-0.png
./第1屆高雄市市長擬參選人陳菊政治獻金專戶/30100704-02.jpg,,1,http://pic.pimg.tw/ronnywang/1399905242-3161148.jpg?v=1399905249,612791417-1.png
./第1屆高雄市市長擬參選人陳菊政治獻金專戶/30100704-02.jpg,,2,http://pic.pimg.tw/ronnywang/1399905242-3161148.jpg?v=1399905249,612791417-2.png
./第1屆高雄市市長擬參選人陳菊政治獻金專戶/30100704-02.jpg,,3,http://pic.pimg.tw/ronnywang/1399905242-3161148.jpg?v=1399905249,612791417-3.png
./第1屆高雄市市長擬參選人陳菊政治獻金專戶/30100704-02.jpg,,4,http://pic.pimg.tw/ronnywang/1399905242-3161148.jpg?v=1399905249,612791417-4.png
./第1屆高雄市市長擬參選人陳菊政治獻金專戶/30100704-02.jpg,,5,http://pic.pimg.tw/ronnywang/1399905242-3161148.jpg?v=1399905249,612791417-5.png
./第1屆高雄市市長擬參選人陳菊政治獻金專戶/30100704-02.jpg,,6,http://pic.pimg.tw/ronnywang/1399905242-3161148.jpg?v=1399905249,612791417-6.png
./第1屆高雄市市長擬參選人陳菊政治獻金專戶/30100704-02.jpg,,7,http://pic.pimg.tw/ronnywang/1399905242-3161148.jpg?v=1399905249,612791417-7.png
./第1屆高雄市市長擬參選人陳菊政治獻金專戶/30100704-02.jpg,,8,http://pic.pimg.tw/ronnywang/1399905242-3161148.jpg?v=1399905249,612791417-8.png
./第1屆高雄市市長擬參選人陳菊政治獻金專戶/30100704.jpg,,0,http://pic.pimg.tw/ronnywang/1399905706-3779786962.jpg,2223989916-0.png
./第1屆高雄市市長擬參選人陳菊政治獻金專戶/30100704.jpg,,1,http://pic.pimg.tw/ronnywang/1399905706-3779786962.jpg,2223989916-1.png
./第1屆高雄市市長擬參選人陳菊政治獻金專戶/30100704.jpg,,2,http://pic.pimg.tw/ronnywang/1399905706-3779786962.jpg,2223989916-2.png
./第1屆高雄市市長擬參選人陳菊政治獻金專戶/30100704.jpg,,3,http://pic.pimg.tw/ronnywang/1399905706-3779786962.jpg,2223989916-3.png
./第1屆高雄市市長擬參選人陳菊政治獻金專戶/30100704.jpg,,4,http://pic.pimg.tw/ronnywang/1399905706-3779786962.jpg,2223989916-4.png
./第1屆高雄市市長擬參選人陳菊政治獻金專戶/30100704.jpg,,5,http://pic.pimg.tw/ronnywang/1399905706-3779786962.jpg,2223989916-5.png
./第1屆高雄市市長擬參選人陳菊政治獻金專戶/30100704.jpg,,6,http://pic.pimg.tw/ronnywang/1399905706-3779786962.jpg,2223989916-6.png
./第1屆高雄市市長擬參選人陳菊政治獻金專戶/30100705-01.jpg,,0,http://pic.pimg.tw/ronnywang/1399905395-1517171399.jpg,28579504-0.png
./第1屆高雄市市長擬參選人陳菊政治獻金專戶/30100705-01.jpg,,1,http://pic.pimg.tw/ronnywang/1399905395-1517171399.jpg,28579504-1.png
./第1屆高雄市市長擬參選人陳菊政治獻金專戶/30100705-01.jpg,,2,http://pic.pimg.tw/ronnywang/1399905395-1517171399.jpg,28579504-2.png
./第1屆高雄市市長擬參選人陳菊政治獻金專戶/30100705-01.jpg,,3,http://pic.pimg.tw/ronnywang/1399905395-1517171399.jpg,28579504-3.png
./第1屆高雄市市長擬參選人陳菊政治獻金專戶/30100705-01.jpg,,4,http://pic.pimg.tw/ronnywang/1399905395-1517171399.jpg,28579504-4.png
./第1屆高雄市市長擬參選人陳菊政治獻金專戶/30100705-01.jpg,,5,http://pic.pimg.tw/ronnywang/1399905395-1517171399.jpg,28579504-5.png
./第1屆高雄市市長擬參選人陳菊政治獻金專戶/30100705-01.jpg,,6,http://pic.pimg.tw/ronnywang/1399905395-1517171399.jpg,28579504-6.png
./第1屆高雄市市長擬參選人陳菊政治獻金專戶/30100705-01.jpg,,7,http://pic.pimg.tw/ronnywang/1399905395-1517171399.jpg,28579504-7.png
./第1屆高雄市市長擬參選人陳菊政治獻金專戶/30100705-01.jpg,,8,http://pic.pimg.tw/ronnywang/1399905395-1517171399.jpg,28579504-8.png
./第1屆高雄市市長擬參選人陳菊政治獻金專戶/30100705-02.jpg,,0,http://pic.pimg.tw/ronnywang/1399905627-1463014238.jpg,537335828-0.png
./第1屆高雄市市長擬參選人陳菊政治獻金專戶/30100705-02.jpg,,1,http://pic.pimg.tw/ronnywang/1399905627-1463014238.jpg,537335828-1.png
./第1屆高雄市市長擬參選人陳菊政治獻金專戶/30100705-02.jpg,,2,http://pic.pimg.tw/ronnywang/1399905627-1463014238.jpg,537335828-2.png
./第1屆高雄市市長擬參選人陳菊政治獻金專戶/30100705-02.jpg,,3,http://pic.pimg.tw/ronnywang/1399905627-1463014238.jpg,537335828-3.png
./第1屆高雄市市長擬參選人陳菊政治獻金專戶/30100705-02.jpg,,4,http://pic.pimg.tw/ronnywang/1399905627-1463014238.jpg,537335828-4.png
./第1屆高雄市市長擬參選人陳菊政治獻金專戶/30100705-02.jpg,,5,http://pic.pimg.tw/ronnywang/1399905627-1463014238.jpg,537335828-5.png
./第1屆高雄市市長擬參選人陳菊政治獻金專戶/30100705-02.jpg,,6,http://pic.pimg.tw/ronnywang/1399905627-1463014238.jpg,537335828-6.png
./第1屆高雄市市長擬參選人陳菊政治獻金專戶/30100705-02.jpg,,7,http://pic.pimg.tw/ronnywang/1399905627-1463014238.jpg,537335828-7.png
./第1屆高雄市市長擬參選人陳菊政治獻金專戶/30100705-02.jpg,,8,http://pic.pimg.tw/ronnywang/1399905627-1463014238.jpg,537335828-8.png
./第1屆高雄市市長擬參選人陳菊政治獻金專戶/30100705-03.jpg,,0,http://pic.pimg.tw/ronnywang/1399905214-3613662333.jpg,3672151713-0.png
./第1屆高雄市市長擬參選人陳菊政治獻金專戶/30100705-03.jpg,,1,http://pic.pimg.tw/ronnywang/1399905214-3613662333.jpg,3672151713-1.png
./第1屆高雄市市長擬參選人陳菊政治獻金專戶/30100705-03.jpg,,2,http://pic.pimg.tw/ronnywang/1399905214-3613662333.jpg,3672151713-2.png
./第1屆高雄市市長擬參選人陳菊政治獻金專戶/30100705-03.jpg,,3,http://pic.pimg.tw/ronnywang/1399905214-3613662333.jpg,3672151713-3.png
./第1屆高雄市市長擬參選人陳菊政治獻金專戶/30100705-03.jpg,,4,http://pic.pimg.tw/ronnywang/1399905214-3613662333.jpg,3672151713-4.png
./第1屆高雄市市長擬參選人陳菊政治獻金專戶/30100705-03.jpg,,5,http://pic.pimg.tw/ronnywang/1399905214-3613662333.jpg,3672151713-5.png
./第1屆高雄市市長擬參選人陳菊政治獻金專戶/30100705-03.jpg,,6,http://pic.pimg.tw/ronnywang/1399905214-3613662333.jpg,3672151713-6.png
./第1屆高雄市市長擬參選人陳菊政治獻金專戶/30100706-01.jpg,,0,http://pic.pimg.tw/ronnywang/1399905278-2751062691.jpg,1165518794-0.png
./第1屆高雄市市長擬參選人陳菊政治獻金專戶/30100706-01.jpg,,1,http://pic.pimg.tw/ronnywang/1399905278-2751062691.jpg,1165518794-1.png
./第1屆高雄市市長擬參選人陳菊政治獻金專戶/30100706-01.jpg,,2,http://pic.pimg.tw/ronnywang/1399905278-2751062691.jpg,1165518794-2.png
./第1屆高雄市市長擬參選人陳菊政治獻金專戶/30100706-01.jpg,,3,http://pic.pimg.tw/ronnywang/1399905278-2751062691.jpg,1165518794-3.png
./第1屆高雄市市長擬參選人陳菊政治獻金專戶/30100706-01.jpg,,4,http://pic.pimg.tw/ronnywang/1399905278-2751062691.jpg,1165518794-4.png
./第1屆高雄市市長擬參選人陳菊政治獻金專戶/30100706-01.jpg,,5,http://pic.pimg.tw/ronnywang/1399905278-2751062691.jpg,1165518794-5.png
./第1屆高雄市市長擬參選人陳菊政治獻金專戶/30100706-01.jpg,,6,http://pic.pimg.tw/ronnywang/1399905278-2751062691.jpg,1165518794-6.png
./第1屆高雄市市長擬參選人陳菊政治獻金專戶/30100706-01.jpg,,7,http://pic.pimg.tw/ronnywang/1399905278-2751062691.jpg,1165518794-7.png
./第1屆高雄市市長擬參選人陳菊政治獻金專戶/30100706-01.jpg,,8,http://pic.pimg.tw/ronnywang/1399905278-2751062691.jpg,1165518794-8.png
./第1屆高雄市市長擬參選人陳菊政治獻金專戶/30100706-02.jpg,,0,http://pic.pimg.tw/ronnywang/1399905530-1398747058.jpg,4212802508-0.png
./第1屆高雄市市長擬參選人陳菊政治獻金專戶/30100706-02.jpg,,1,http://pic.pimg.tw/ronnywang/1399905530-1398747058.jpg,4212802508-1.png
./第1屆高雄市市長擬參選人陳菊政治獻金專戶/30100706-02.jpg,,2,http://pic.pimg.tw/ronnywang/1399905530-1398747058.jpg,4212802508-2.png
./第1屆高雄市市長擬參選人陳菊政治獻金專戶/30100706-02.jpg,,3,http://pic.pimg.tw/ronnywang/1399905530-1398747058.jpg,4212802508-3.png
./第1屆高雄市市長擬參選人陳菊政治獻金專戶/30100706-02.jpg,,4,http://pic.pimg.tw/ronnywang/1399905530-1398747058.jpg,4212802508-4.png
./第1屆高雄市市長擬參選人陳菊政治獻金專戶/30100706-02.jpg,,5,http://pic.pimg.tw/ronnywang/1399905530-1398747058.jpg,4212802508-5.png
./第1屆高雄市市長擬參選人陳菊政治獻金專戶/30100706-02.jpg,,6,http://pic.pimg.tw/ronnywang/1399905530-1398747058.jpg,4212802508-6.png
./第1屆高雄市市長擬參選人陳菊政治獻金專戶/30100706-02.jpg,,7,http://pic.pimg.tw/ronnywang/1399905530-1398747058.jpg,4212802508-7.png
./第1屆高雄市市長擬參選人陳菊政治獻金專戶/30100706-02.jpg,,8,http://pic.pimg.tw/ronnywang/1399905530-1398747058.jpg,4212802508-8.png
./第1屆高雄市市長擬參選人陳菊政治獻金專戶/30100706-03.jpg,,0,http://pic.pimg.tw/ronnywang/1399905571-804662035.jpg?v=1399905581,3878327174-0.png
./第1屆高雄市市長擬參選人陳菊政治獻金專戶/30100706-03.jpg,,1,http://pic.pimg.tw/ronnywang/1399905571-804662035.jpg?v=1399905581,3878327174-1.png
./第1屆高雄市市長擬參選人陳菊政治獻金專戶/30100706-03.jpg,,2,http://pic.pimg.tw/ronnywang/1399905571-804662035.jpg?v=1399905581,3878327174-2.png
./第1屆高雄市市長擬參選人陳菊政治獻金專戶/30100706-03.jpg,,3,http://pic.pimg.tw/ronnywang/1399905571-804662035.jpg?v=1399905581,3878327174-3.png
./第1屆高雄市市長擬參選人陳菊政治獻金專戶/30100706-03.jpg,,4,http://pic.pimg.tw/ronnywang/1399905571-804662035.jpg?v=1399905581,3878327174-4.png
./第1屆高雄市市長擬參選人陳菊政治獻金專戶/30100706-03.jpg,,5,http://pic.pimg.tw/ronnywang/1399905571-804662035.jpg?v=1399905581,3878327174-5.png
./第1屆高雄市市長擬參選人陳菊政治獻金專戶/30100706-03.jpg,,6,http://pic.pimg.tw/ronnywang/1399905571-804662035.jpg?v=1399905581,3878327174-6.png
./第1屆高雄市市長擬參選人陳菊政治獻金專戶/30100707-01.jpg,,0,http://pic.pimg.tw/ronnywang/1399905551-3468234676.jpg,2166404079-0.png
./第1屆高雄市市長擬參選人陳菊政治獻金專戶/30100707-01.jpg,,1,http://pic.pimg.tw/ronnywang/1399905551-3468234676.jpg,2166404079-1.png
./第1屆高雄市市長擬參選人陳菊政治獻金專戶/30100707-01.jpg,,2,http://pic.pimg.tw/ronnywang/1399905551-3468234676.jpg,2166404079-2.png
./第1屆高雄市市長擬參選人陳菊政治獻金專戶/30100707-01.jpg,,3,http://pic.pimg.tw/ronnywang/1399905551-3468234676.jpg,2166404079-3.png
./第1屆高雄市市長擬參選人陳菊政治獻金專戶/30100707-01.jpg,,4,http://pic.pimg.tw/ronnywang/1399905551-3468234676.jpg,2166404079-4.png
./第1屆高雄市市長擬參選人陳菊政治獻金專戶/30100707-01.jpg,,5,http://pic.pimg.tw/ronnywang/1399905551-3468234676.jpg,2166404079-5.png
./第1屆高雄市市長擬參選人陳菊政治獻金專戶/30100707-01.jpg,,6,http://pic.pimg.tw/ronnywang/1399905551-3468234676.jpg,2166404079-6.png
./第1屆高雄市市長擬參選人陳菊政治獻金專戶/30100707-01.jpg,,7,http://pic.pimg.tw/ronnywang/1399905551-3468234676.jpg,2166404079-7.png
./第1屆高雄市市長擬參選人陳菊政治獻金專戶/30100707-01.jpg,,8,http://pic.pimg.tw/ronnywang/1399905551-3468234676.jpg,2166404079-8.png
./第1屆高雄市市長擬參選人陳菊政治獻金專戶/30100707-02.jpg,,0,http://pic.pimg.tw/ronnywang/1399905357-1021574664.jpg?v=1399905367,2011813158-0.png
./第1屆高雄市市長擬參選人陳菊政治獻金專戶/30100707-02.jpg,,1,http://pic.pimg.tw/ronnywang/1399905357-1021574664.jpg?v=1399905367,2011813158-1.png
./第1屆高雄市市長擬參選人陳菊政治獻金專戶/30100707-02.jpg,,2,http://pic.pimg.tw/ronnywang/1399905357-1021574664.jpg?v=1399905367,2011813158-2.png
./第1屆高雄市市長擬參選人陳菊政治獻金專戶/30100707-02.jpg,,3,http://pic.pimg.tw/ronnywang/1399905357-1021574664.jpg?v=1399905367,2011813158-3.png
./第1屆高雄市市長擬參選人陳菊政治獻金專戶/30100707-02.jpg,,4,http://pic.pimg.tw/ronnywang/1399905357-1021574664.jpg?v=1399905367,2011813158-4.png
./第1屆高雄市市長擬參選人陳菊政治獻金專戶/30100707-02.jpg,,5,http://pic.pimg.tw/ronnywang/1399905357-1021574664.jpg?v=1399905367,2011813158-5.png
./第1屆高雄市市長擬參選人陳菊政治獻金專戶/30100707-02.jpg,,6,http://pic.pimg.tw/ronnywang/1399905357-1021574664.jpg?v=1399905367,2011813158-6.png
./第1屆高雄市市長擬參選人陳菊政治獻金專戶/30100707-02.jpg,,7,http://pic.pimg.tw/ronnywang/1399905357-1021574664.jpg?v=1399905367,2011813158-7.png
./第1屆高雄市市長擬參選人陳菊政治獻金專戶/30100707-02.jpg,,8,http://pic.pimg.tw/ronnywang/1399905357-1021574664.jpg?v=1399905367,2011813158-8.png
./第1屆高雄市市長擬參選人陳菊政治獻金專戶/30100707-03.jpg,,0,http://pic.pimg.tw/ronnywang/1399905187-1072735303.jpg,1042567034-0.png
./第1屆高雄市市長擬參選人陳菊政治獻金專戶/30100707-03.jpg,,1,http://pic.pimg.tw/ronnywang/1399905187-1072735303.jpg,1042567034-1.png
./第1屆高雄市市長擬參選人陳菊政治獻金專戶/30100707-03.jpg,,2,http://pic.pimg.tw/ronnywang/1399905187-1072735303.jpg,1042567034-2.png
./第1屆高雄市市長擬參選人陳菊政治獻金專戶/30100707-03.jpg,,3,http://pic.pimg.tw/ronnywang/1399905187-1072735303.jpg,1042567034-3.png
./第1屆高雄市市長擬參選人陳菊政治獻金專戶/30100707-03.jpg,,4,http://pic.pimg.tw/ronnywang/1399905187-1072735303.jpg,1042567034-4.png
./第1屆高雄市市長擬參選人陳菊政治獻金專戶/30100707-03.jpg,,5,http://pic.pimg.tw/ronnywang/1399905187-1072735303.jpg,1042567034-5.png
./第1屆高雄市市長擬參選人陳菊政治獻金專戶/30100707-03.jpg,,6,http://pic.pimg.tw/ronnywang/1399905187-1072735303.jpg,1042567034-6.png
./第1屆高雄市市長擬參選人陳菊政治獻金專戶/30100708-01.jpg,,0,http://pic.pimg.tw/ronnywang/1399905322-4086388080.jpg?v=1399905329,3932415683-0.png
./第1屆高雄市市長擬參選人陳菊政治獻金專戶/30100708-01.jpg,,1,http://pic.pimg.tw/ronnywang/1399905322-4086388080.jpg?v=1399905329,3932415683-1.png
./第1屆高雄市市長擬參選人陳菊政治獻金專戶/30100708-01.jpg,,2,http://pic.pimg.tw/ronnywang/1399905322-4086388080.jpg?v=1399905329,3932415683-2.png
./第1屆高雄市市長擬參選人陳菊政治獻金專戶/30100708-01.jpg,,3,http://pic.pimg.tw/ronnywang/1399905322-4086388080.jpg?v=1399905329,3932415683-3.png
./第1屆高雄市市長擬參選人陳菊政治獻金專戶/30100708-01.jpg,,4,http://pic.pimg.tw/ronnywang/1399905322-4086388080.jpg?v=1399905329,3932415683-4.png
./第5屆臺北市市長擬參選人郝龍斌政治獻金專戶/30500101-01.jpg,,0,http://pic.pimg.tw/ronnywang/1399904973-2775345469.jpg,4039713021-0.png
./第5屆臺北市市長擬參選人郝龍斌政治獻金專戶/30500101-01.jpg,,1,http://pic.pimg.tw/ronnywang/1399904973-2775345469.jpg,4039713021-1.png
./第5屆臺北市市長擬參選人郝龍斌政治獻金專戶/30500101-01.jpg,,2,http://pic.pimg.tw/ronnywang/1399904973-2775345469.jpg,4039713021-2.png
./第5屆臺北市市長擬參選人郝龍斌政治獻金專戶/30500101-01.jpg,,3,http://pic.pimg.tw/ronnywang/1399904973-2775345469.jpg,4039713021-3.png
./第5屆臺北市市長擬參選人郝龍斌政治獻金專戶/30500101-01.jpg,,4,http://pic.pimg.tw/ronnywang/1399904973-2775345469.jpg,4039713021-4.png
./第5屆臺北市市長擬參選人郝龍斌政治獻金專戶/30500101-01.jpg,,5,http://pic.pimg.tw/ronnywang/1399904973-2775345469.jpg,4039713021-5.png
./第5屆臺北市市長擬參選人郝龍斌政治獻金專戶/30500101-01.jpg,,6,http://pic.pimg.tw/ronnywang/1399904973-2775345469.jpg,4039713021-6.png
./第5屆臺北市市長擬參選人郝龍斌政治獻金專戶/30500101-01.jpg,,7,http://pic.pimg.tw/ronnywang/1399904973-2775345469.jpg,4039713021-7.png
./第5屆臺北市市長擬參選人郝龍斌政治獻金專戶/30500101-01.jpg,,8,http://pic.pimg.tw/ronnywang/1399904973-2775345469.jpg,4039713021-8.png
./第5屆臺北市市長擬參選人郝龍斌政治獻金專戶/30500101-02.jpg,,0,http://pic.pimg.tw/ronnywang/1399904815-4292160984.jpg,259474454-0.png
./第5屆臺北市市長擬參選人郝龍斌政治獻金專戶/30500101-02.jpg,,1,http://pic.pimg.tw/ronnywang/1399904815-4292160984.jpg,259474454-1.png
./第5屆臺北市市長擬參選人郝龍斌政治獻金專戶/30500101-02.jpg,,2,http://pic.pimg.tw/ronnywang/1399904815-4292160984.jpg,259474454-2.png
./第5屆臺北市市長擬參選人郝龍斌政治獻金專戶/30500101-02.jpg,,3,http://pic.pimg.tw/ronnywang/1399904815-4292160984.jpg,259474454-3.png
./第5屆臺北市市長擬參選人郝龍斌政治獻金專戶/30500101-02.jpg,,4,http://pic.pimg.tw/ronnywang/1399904815-4292160984.jpg,259474454-4.png
./第5屆臺北市市長擬參選人郝龍斌政治獻金專戶/30500101-02.jpg,,5,http://pic.pimg.tw/ronnywang/1399904815-4292160984.jpg,259474454-5.png
./第5屆臺北市市長擬參選人郝龍斌政治獻金專戶/30500101-02.jpg,,6,http://pic.pimg.tw/ronnywang/1399904815-4292160984.jpg,259474454-6.png
./第5屆臺北市市長擬參選人郝龍斌政治獻金專戶/30500101-02.jpg,,7,http://pic.pimg.tw/ronnywang/1399904815-4292160984.jpg,259474454-7.png
./第5屆臺北市市長擬參選人郝龍斌政治獻金專戶/30500101-02.jpg,,8,http://pic.pimg.tw/ronnywang/1399904815-4292160984.jpg,259474454-8.png
./第5屆臺北市市長擬參選人郝龍斌政治獻金專戶/30500101-03.jpg,,0,http://pic.pimg.tw/ronnywang/1399904866-4194655595.jpg?v=1399904876,3261713617-0.png
./第5屆臺北市市長擬參選人郝龍斌政治獻金專戶/30500101-03.jpg,,1,http://pic.pimg.tw/ronnywang/1399904866-4194655595.jpg?v=1399904876,3261713617-1.png
./第5屆臺北市市長擬參選人郝龍斌政治獻金專戶/30500101-03.jpg,,2,http://pic.pimg.tw/ronnywang/1399904866-4194655595.jpg?v=1399904876,3261713617-2.png
./第5屆臺北市市長擬參選人郝龍斌政治獻金專戶/30500101-03.jpg,,3,http://pic.pimg.tw/ronnywang/1399904866-4194655595.jpg?v=1399904876,3261713617-3.png
./第5屆臺北市市長擬參選人郝龍斌政治獻金專戶/30500101-03.jpg,,4,http://pic.pimg.tw/ronnywang/1399904866-4194655595.jpg?v=1399904876,3261713617-4.png
./第5屆臺北市市長擬參選人郝龍斌政治獻金專戶/30500101-03.jpg,,6,http://pic.pimg.tw/ronnywang/1399904866-4194655595.jpg?v=1399904876,3261713617-6.png
./第5屆臺北市市長擬參選人郝龍斌政治獻金專戶/30500101-03.jpg,,7,http://pic.pimg.tw/ronnywang/1399904866-4194655595.jpg?v=1399904876,3261713617-7.png
./第5屆臺北市市長擬參選人郝龍斌政治獻金專戶/30500102-01.jpg,,0,http://pic.pimg.tw/ronnywang/1399905066-1917732258.jpg?v=1399905075,932757664-0.png
./第5屆臺北市市長擬參選人郝龍斌政治獻金專戶/30500102-01.jpg,,1,http://pic.pimg.tw/ronnywang/1399905066-1917732258.jpg?v=1399905075,932757664-1.png
./第5屆臺北市市長擬參選人郝龍斌政治獻金專戶/30500102-01.jpg,,2,http://pic.pimg.tw/ronnywang/1399905066-1917732258.jpg?v=1399905075,932757664-2.png
./第5屆臺北市市長擬參選人郝龍斌政治獻金專戶/30500102-01.jpg,,3,http://pic.pimg.tw/ronnywang/1399905066-1917732258.jpg?v=1399905075,932757664-3.png
./第5屆臺北市市長擬參選人郝龍斌政治獻金專戶/30500102-01.jpg,,4,http://pic.pimg.tw/ronnywang/1399905066-1917732258.jpg?v=1399905075,932757664-4.png
./第5屆臺北市市長擬參選人郝龍斌政治獻金專戶/30500102-01.jpg,,5,http://pic.pimg.tw/ronnywang/1399905066-1917732258.jpg?v=1399905075,932757664-5.png
./第5屆臺北市市長擬參選人郝龍斌政治獻金專戶/30500102-01.jpg,,6,http://pic.pimg.tw/ronnywang/1399905066-1917732258.jpg?v=1399905075,932757664-6.png
./第5屆臺北市市長擬參選人郝龍斌政治獻金專戶/30500102-01.jpg,,7,http://pic.pimg.tw/ronnywang/1399905066-1917732258.jpg?v=1399905075,932757664-7.png
./第5屆臺北市市長擬參選人郝龍斌政治獻金專戶/30500102-01.jpg,,8,http://pic.pimg.tw/ronnywang/1399905066-1917732258.jpg?v=1399905075,932757664-8.png
./第5屆臺北市市長擬參選人郝龍斌政治獻金專戶/30500102-02.jpg,,0,http://pic.pimg.tw/ronnywang/1399905000-3932940705.jpg?v=1399905008,835962875-0.png
./第5屆臺北市市長擬參選人郝龍斌政治獻金專戶/30500102-02.jpg,,1,http://pic.pimg.tw/ronnywang/1399905000-3932940705.jpg?v=1399905008,835962875-1.png
./第5屆臺北市市長擬參選人郝龍斌政治獻金專戶/30500102-02.jpg,,3,http://pic.pimg.tw/ronnywang/1399905000-3932940705.jpg?v=1399905008,835962875-3.png
./第5屆臺北市市長擬參選人郝龍斌政治獻金專戶/30500102-02.jpg,,4,http://pic.pimg.tw/ronnywang/1399905000-3932940705.jpg?v=1399905008,835962875-4.png
./第5屆臺北市市長擬參選人郝龍斌政治獻金專戶/30500102-02.jpg,,6,http://pic.pimg.tw/ronnywang/1399905000-3932940705.jpg?v=1399905008,835962875-6.png
./第8屆立法委員擬參選人周守訓政治獻金專戶/1271_001.jpg,,0,http://pic.pimg.tw/ronnywang/1399904468-1374438909.jpg,159350489-0.png
./第8屆立法委員擬參選人周守訓政治獻金專戶/1271_001.jpg,,1,http://pic.pimg.tw/ronnywang/1399904468-1374438909.jpg,159350489-1.png
./第8屆立法委員擬參選人周守訓政治獻金專戶/1271_001.jpg,,2,http://pic.pimg.tw/ronnywang/1399904468-1374438909.jpg,159350489-2.png
./第8屆立法委員擬參選人周守訓政治獻金專戶/1271_001.jpg,,3,http://pic.pimg.tw/ronnywang/1399904468-1374438909.jpg,159350489-3.png
./第8屆立法委員擬參選人周守訓政治獻金專戶/1271_001.jpg,,4,http://pic.pimg.tw/ronnywang/1399904468-1374438909.jpg,159350489-4.png
./第8屆立法委員擬參選人周守訓政治獻金專戶/1271_001.jpg,,5,http://pic.pimg.tw/ronnywang/1399904468-1374438909.jpg,159350489-5.png
./第8屆立法委員擬參選人周守訓政治獻金專戶/1271_001.jpg,,6,http://pic.pimg.tw/ronnywang/1399904468-1374438909.jpg,159350489-6.png
./第8屆立法委員擬參選人周守訓政治獻金專戶/1271_001.jpg,,7,http://pic.pimg.tw/ronnywang/1399904468-1374438909.jpg,159350489-7.png
./第8屆立法委員擬參選人周守訓政治獻金專戶/1271_001.jpg,,8,http://pic.pimg.tw/ronnywang/1399904468-1374438909.jpg,159350489-8.png
./第8屆立法委員擬參選人周守訓政治獻金專戶/1271_002.jpg,,0,http://pic.pimg.tw/ronnywang/1399903714-229944094.jpg,135190195-0.png
./第8屆立法委員擬參選人周守訓政治獻金專戶/1271_002.jpg,,1,http://pic.pimg.tw/ronnywang/1399903714-229944094.jpg,135190195-1.png
./第8屆立法委員擬參選人周守訓政治獻金專戶/1271_002.jpg,,2,http://pic.pimg.tw/ronnywang/1399903714-229944094.jpg,135190195-2.png
./第8屆立法委員擬參選人周守訓政治獻金專戶/1271_002.jpg,,3,http://pic.pimg.tw/ronnywang/1399903714-229944094.jpg,135190195-3.png
./第8屆立法委員擬參選人周守訓政治獻金專戶/1271_002.jpg,,4,http://pic.pimg.tw/ronnywang/1399903714-229944094.jpg,135190195-4.png
./第8屆立法委員擬參選人周守訓政治獻金專戶/1271_002.jpg,,5,http://pic.pimg.tw/ronnywang/1399903714-229944094.jpg,135190195-5.png
./第8屆立法委員擬參選人周守訓政治獻金專戶/1271_002.jpg,,6,http://pic.pimg.tw/ronnywang/1399903714-229944094.jpg,135190195-6.png
./第8屆立法委員擬參選人周守訓政治獻金專戶/1271_002.jpg,,7,http://pic.pimg.tw/ronnywang/1399903714-229944094.jpg,135190195-7.png
./第8屆立法委員擬參選人周守訓政治獻金專戶/1271_002.jpg,,8,http://pic.pimg.tw/ronnywang/1399903714-229944094.jpg,135190195-8.png
./第8屆立法委員擬參選人周守訓政治獻金專戶/1271_003.jpg,,0,http://pic.pimg.tw/ronnywang/1399904256-2944863787.jpg,1260781752-0.png
./第8屆立法委員擬參選人周守訓政治獻金專戶/1271_003.jpg,,1,http://pic.pimg.tw/ronnywang/1399904256-2944863787.jpg,1260781752-1.png
./第8屆立法委員擬參選人周守訓政治獻金專戶/1271_003.jpg,,2,http://pic.pimg.tw/ronnywang/1399904256-2944863787.jpg,1260781752-2.png
./第8屆立法委員擬參選人周守訓政治獻金專戶/1271_003.jpg,,3,http://pic.pimg.tw/ronnywang/1399904256-2944863787.jpg,1260781752-3.png
./第8屆立法委員擬參選人周守訓政治獻金專戶/1271_003.jpg,,4,http://pic.pimg.tw/ronnywang/1399904256-2944863787.jpg,1260781752-4.png
./第8屆立法委員擬參選人周守訓政治獻金專戶/1271_003.jpg,,5,http://pic.pimg.tw/ronnywang/1399904256-2944863787.jpg,1260781752-5.png
./第8屆立法委員擬參選人周守訓政治獻金專戶/1271_003.jpg,,6,http://pic.pimg.tw/ronnywang/1399904256-2944863787.jpg,1260781752-6.png
./第8屆立法委員擬參選人周守訓政治獻金專戶/1271_005.jpg,,0,http://pic.pimg.tw/ronnywang/1399903779-1841663934.jpg,201690120-0.png
./第8屆立法委員擬參選人周守訓政治獻金專戶/1271_005.jpg,,1,http://pic.pimg.tw/ronnywang/1399903779-1841663934.jpg,201690120-1.png
./第8屆立法委員擬參選人周守訓政治獻金專戶/1271_005.jpg,,2,http://pic.pimg.tw/ronnywang/1399903779-1841663934.jpg,201690120-2.png
./第8屆立法委員擬參選人周守訓政治獻金專戶/1271_005.jpg,,3,http://pic.pimg.tw/ronnywang/1399903779-1841663934.jpg,201690120-3.png
./第8屆立法委員擬參選人周守訓政治獻金專戶/1271_005.jpg,,4,http://pic.pimg.tw/ronnywang/1399903779-1841663934.jpg,201690120-4.png
./第8屆立法委員擬參選人周守訓政治獻金專戶/1271_005.jpg,,5,http://pic.pimg.tw/ronnywang/1399903779-1841663934.jpg,201690120-5.png
./第8屆立法委員擬參選人周守訓政治獻金專戶/1271_005.jpg,,6,http://pic.pimg.tw/ronnywang/1399903779-1841663934.jpg,201690120-6.png
./第8屆立法委員擬參選人周守訓政治獻金專戶/1271_005.jpg,,7,http://pic.pimg.tw/ronnywang/1399903779-1841663934.jpg,201690120-7.png
./第8屆立法委員擬參選人周守訓政治獻金專戶/1271_005.jpg,,8,http://pic.pimg.tw/ronnywang/1399903779-1841663934.jpg,201690120-8.png
./第8屆立法委員擬參選人周守訓政治獻金專戶/1271_006.jpg,,0,http://pic.pimg.tw/ronnywang/1399903896-1066162764.jpg,2217942708-0.png
./第8屆立法委員擬參選人周守訓政治獻金專戶/1271_006.jpg,,1,http://pic.pimg.tw/ronnywang/1399903896-1066162764.jpg,2217942708-1.png
./第8屆立法委員擬參選人周守訓政治獻金專戶/1271_006.jpg,,2,http://pic.pimg.tw/ronnywang/1399903896-1066162764.jpg,2217942708-2.png
./第8屆立法委員擬參選人周守訓政治獻金專戶/1271_006.jpg,,3,http://pic.pimg.tw/ronnywang/1399903896-1066162764.jpg,2217942708-3.png
./第8屆立法委員擬參選人周守訓政治獻金專戶/1271_006.jpg,,4,http://pic.pimg.tw/ronnywang/1399903896-1066162764.jpg,2217942708-4.png
./第8屆立法委員擬參選人周守訓政治獻金專戶/1271_006.jpg,,5,http://pic.pimg.tw/ronnywang/1399903896-1066162764.jpg,2217942708-5.png
./第8屆立法委員擬參選人周守訓政治獻金專戶/1271_006.jpg,,6,http://pic.pimg.tw/ronnywang/1399903896-1066162764.jpg,2217942708-6.png
./第8屆立法委員擬參選人周守訓政治獻金專戶/1271_006.jpg,,7,http://pic.pimg.tw/ronnywang/1399903896-1066162764.jpg,2217942708-7.png
./第8屆立法委員擬參選人周守訓政治獻金專戶/1271_006.jpg,,8,http://pic.pimg.tw/ronnywang/1399903896-1066162764.jpg,2217942708-8.png
./第8屆立法委員擬參選人周守訓政治獻金專戶/1271_007.jpg,,0,http://pic.pimg.tw/ronnywang/1399904659-394804276.jpg,1146224792-0.png
./第8屆立法委員擬參選人周守訓政治獻金專戶/1271_007.jpg,,1,http://pic.pimg.tw/ronnywang/1399904659-394804276.jpg,1146224792-1.png
./第8屆立法委員擬參選人周守訓政治獻金專戶/1271_007.jpg,,2,http://pic.pimg.tw/ronnywang/1399904659-394804276.jpg,1146224792-2.png
./第8屆立法委員擬參選人周守訓政治獻金專戶/1271_007.jpg,,3,http://pic.pimg.tw/ronnywang/1399904659-394804276.jpg,1146224792-3.png
./第8屆立法委員擬參選人周守訓政治獻金專戶/1271_007.jpg,,4,http://pic.pimg.tw/ronnywang/1399904659-394804276.jpg,1146224792-4.png
./第8屆立法委員擬參選人周守訓政治獻金專戶/1271_007.jpg,,5,http://pic.pimg.tw/ronnywang/1399904659-394804276.jpg,1146224792-5.png
./第8屆立法委員擬參選人周守訓政治獻金專戶/1271_007.jpg,,6,http://pic.pimg.tw/ronnywang/1399904659-394804276.jpg,1146224792-6.png
./第8屆立法委員擬參選人周守訓政治獻金專戶/1272_001.jpg,,0,http://pic.pimg.tw/ronnywang/1399904611-47952878.jpg,1155858445-0.png
./第8屆立法委員擬參選人周守訓政治獻金專戶/1272_001.jpg,,1,http://pic.pimg.tw/ronnywang/1399904611-47952878.jpg,1155858445-1.png
./第8屆立法委員擬參選人周守訓政治獻金專戶/1272_001.jpg,,2,http://pic.pimg.tw/ronnywang/1399904611-47952878.jpg,1155858445-2.png
./第8屆立法委員擬參選人周守訓政治獻金專戶/1272_001.jpg,,3,http://pic.pimg.tw/ronnywang/1399904611-47952878.jpg,1155858445-3.png
./第8屆立法委員擬參選人周守訓政治獻金專戶/1272_001.jpg,,4,http://pic.pimg.tw/ronnywang/1399904611-47952878.jpg,1155858445-4.png
./第8屆立法委員擬參選人周守訓政治獻金專戶/1272_001.jpg,,5,http://pic.pimg.tw/ronnywang/1399904611-47952878.jpg,1155858445-5.png
./第8屆立法委員擬參選人周守訓政治獻金專戶/1272_001.jpg,,6,http://pic.pimg.tw/ronnywang/1399904611-47952878.jpg,1155858445-6.png
./第8屆立法委員擬參選人周守訓政治獻金專戶/1272_001.jpg,,7,http://pic.pimg.tw/ronnywang/1399904611-47952878.jpg,1155858445-7.png
./第8屆立法委員擬參選人周守訓政治獻金專戶/1272_001.jpg,,8,http://pic.pimg.tw/ronnywang/1399904611-47952878.jpg,1155858445-8.png
./第8屆立法委員擬參選人周守訓政治獻金專戶/1272_002.jpg,,0,http://pic.pimg.tw/ronnywang/1399904324-3273668973.jpg?v=1399904344,3595601855-0.png
./第8屆立法委員擬參選人周守訓政治獻金專戶/1272_002.jpg,,1,http://pic.pimg.tw/ronnywang/1399904324-3273668973.jpg?v=1399904344,3595601855-1.png
./第8屆立法委員擬參選人周守訓政治獻金專戶/1272_002.jpg,,2,http://pic.pimg.tw/ronnywang/1399904324-3273668973.jpg?v=1399904344,3595601855-2.png
./第8屆立法委員擬參選人周守訓政治獻金專戶/1272_002.jpg,,3,http://pic.pimg.tw/ronnywang/1399904324-3273668973.jpg?v=1399904344,3595601855-3.png
./第8屆立法委員擬參選人周守訓政治獻金專戶/1272_002.jpg,,4,http://pic.pimg.tw/ronnywang/1399904324-3273668973.jpg?v=1399904344,3595601855-4.png
./第8屆立法委員擬參選人周守訓政治獻金專戶/1272_002.jpg,,5,http://pic.pimg.tw/ronnywang/1399904324-3273668973.jpg?v=1399904344,3595601855-5.png
./第8屆立法委員擬參選人周守訓政治獻金專戶/1272_002.jpg,,6,http://pic.pimg.tw/ronnywang/1399904324-3273668973.jpg?v=1399904344,3595601855-6.png
./第8屆立法委員擬參選人周守訓政治獻金專戶/1272_002.jpg,,7,http://pic.pimg.tw/ronnywang/1399904324-3273668973.jpg?v=1399904344,3595601855-7.png
./第8屆立法委員擬參選人周守訓政治獻金專戶/1272_002.jpg,,8,http://pic.pimg.tw/ronnywang/1399904324-3273668973.jpg?v=1399904344,3595601855-8.png
./第8屆立法委員擬參選人周守訓政治獻金專戶/1272_003.jpg,,0,http://pic.pimg.tw/ronnywang/1399904054-3079830410.jpg?v=1399904061,1816107848-0.png
./第8屆立法委員擬參選人周守訓政治獻金專戶/1272_003.jpg,,1,http://pic.pimg.tw/ronnywang/1399904054-3079830410.jpg?v=1399904061,1816107848-1.png
./第8屆立法委員擬參選人周守訓政治獻金專戶/1272_003.jpg,,2,http://pic.pimg.tw/ronnywang/1399904054-3079830410.jpg?v=1399904061,1816107848-2.png
./第8屆立法委員擬參選人周守訓政治獻金專戶/1272_003.jpg,,3,http://pic.pimg.tw/ronnywang/1399904054-3079830410.jpg?v=1399904061,1816107848-3.png
./第8屆立法委員擬參選人周守訓政治獻金專戶/1272_003.jpg,,4,http://pic.pimg.tw/ronnywang/1399904054-3079830410.jpg?v=1399904061,1816107848-4.png
./第8屆立法委員擬參選人周守訓政治獻金專戶/1272_005.jpg,,0,http://pic.pimg.tw/ronnywang/1399904210-4032705299.jpg,3941549538-0.png
./第8屆立法委員擬參選人周守訓政治獻金專戶/1272_005.jpg,,1,http://pic.pimg.tw/ronnywang/1399904210-4032705299.jpg,3941549538-1.png
./第8屆立法委員擬參選人周守訓政治獻金專戶/1272_005.jpg,,2,http://pic.pimg.tw/ronnywang/1399904210-4032705299.jpg,3941549538-2.png
./第8屆立法委員擬參選人周守訓政治獻金專戶/1272_005.jpg,,3,http://pic.pimg.tw/ronnywang/1399904210-4032705299.jpg,3941549538-3.png
./第8屆立法委員擬參選人周守訓政治獻金專戶/1272_005.jpg,,4,http://pic.pimg.tw/ronnywang/1399904210-4032705299.jpg,3941549538-4.png
./第8屆立法委員擬參選人周守訓政治獻金專戶/1272_005.jpg,,5,http://pic.pimg.tw/ronnywang/1399904210-4032705299.jpg,3941549538-5.png
./第8屆立法委員擬參選人周守訓政治獻金專戶/1272_005.jpg,,6,http://pic.pimg.tw/ronnywang/1399904210-4032705299.jpg,3941549538-6.png
./第8屆立法委員擬參選人周守訓政治獻金專戶/1272_005.jpg,,7,http://pic.pimg.tw/ronnywang/1399904210-4032705299.jpg,3941549538-7.png
./第8屆立法委員擬參選人周守訓政治獻金專戶/1272_005.jpg,,8,http://pic.pimg.tw/ronnywang/1399904210-4032705299.jpg,3941549538-8.png
./第8屆立法委員擬參選人周守訓政治獻金專戶/1272_006.jpg,,0,http://pic.pimg.tw/ronnywang/1399903963-2142965712.jpg?v=1399903989,3626012608-0.png
./第8屆立法委員擬參選人周守訓政治獻金專戶/1272_006.jpg,,1,http://pic.pimg.tw/ronnywang/1399903963-2142965712.jpg?v=1399903989,3626012608-1.png
./第8屆立法委員擬參選人周守訓政治獻金專戶/1272_006.jpg,,2,http://pic.pimg.tw/ronnywang/1399903963-2142965712.jpg?v=1399903989,3626012608-2.png
./第8屆立法委員擬參選人周守訓政治獻金專戶/1272_006.jpg,,3,http://pic.pimg.tw/ronnywang/1399903963-2142965712.jpg?v=1399903989,3626012608-3.png
./第8屆立法委員擬參選人周守訓政治獻金專戶/1272_006.jpg,,4,http://pic.pimg.tw/ronnywang/1399903963-2142965712.jpg?v=1399903989,3626012608-4.png
./第8屆立法委員擬參選人周守訓政治獻金專戶/1272_006.jpg,,5,http://pic.pimg.tw/ronnywang/1399903963-2142965712.jpg?v=1399903989,3626012608-5.png
./第8屆立法委員擬參選人周守訓政治獻金專戶/1272_006.jpg,,6,http://pic.pimg.tw/ronnywang/1399903963-2142965712.jpg?v=1399903989,3626012608-6.png
./第8屆立法委員擬參選人周守訓政治獻金專戶/1272_006.jpg,,7,http://pic.pimg.tw/ronnywang/1399903963-2142965712.jpg?v=1399903989,3626012608-7.png
./第8屆立法委員擬參選人周守訓政治獻金專戶/1272_006.jpg,,8,http://pic.pimg.tw/ronnywang/1399903963-2142965712.jpg?v=1399903989,3626012608-8.png
./第8屆立法委員擬參選人周守訓政治獻金專戶/1272_007.jpg,,0,http://pic.pimg.tw/ronnywang/1399903830-1457135282.jpg,872888462-0.png
./第8屆立法委員擬參選人周守訓政治獻金專戶/1272_007.jpg,,1,http://pic.pimg.tw/ronnywang/1399903830-1457135282.jpg,872888462-1.png
./第8屆立法委員擬參選人周守訓政治獻金專戶/1272_007.jpg,,2,http://pic.pimg.tw/ronnywang/1399903830-1457135282.jpg,872888462-2.png
./第8屆立法委員擬參選人周守訓政治獻金專戶/1272_007.jpg,,3,http://pic.pimg.tw/ronnywang/1399903830-1457135282.jpg,872888462-3.png
./第8屆立法委員擬參選人周守訓政治獻金專戶/1272_007.jpg,,4,http://pic.pimg.tw/ronnywang/1399903830-1457135282.jpg,872888462-4.png
./第8屆立法委員擬參選人周守訓政治獻金專戶/1272_007.jpg,,5,http://pic.pimg.tw/ronnywang/1399903830-1457135282.jpg,872888462-5.png
./第8屆立法委員擬參選人周守訓政治獻金專戶/1272_007.jpg,,6,http://pic.pimg.tw/ronnywang/1399903830-1457135282.jpg,872888462-6.png
./第8屆立法委員擬參選人周守訓政治獻金專戶/1273_001.jpg,,0,http://pic.pimg.tw/ronnywang/1399904149-416495608.jpg?v=1399904156,2880319137-0.png
./第8屆立法委員擬參選人周守訓政治獻金專戶/1273_001.jpg,,1,http://pic.pimg.tw/ronnywang/1399904149-416495608.jpg?v=1399904156,2880319137-1.png
./第8屆立法委員擬參選人周守訓政治獻金專戶/1273_001.jpg,,2,http://pic.pimg.tw/ronnywang/1399904149-416495608.jpg?v=1399904156,2880319137-2.png
./第8屆立法委員擬參選人周守訓政治獻金專戶/1273_001.jpg,,3,http://pic.pimg.tw/ronnywang/1399904149-416495608.jpg?v=1399904156,2880319137-3.png
./第8屆立法委員擬參選人周守訓政治獻金專戶/1273_001.jpg,,4,http://pic.pimg.tw/ronnywang/1399904149-416495608.jpg?v=1399904156,2880319137-4.png
./第8屆立法委員擬參選人周守訓政治獻金專戶/1273_001.jpg,,5,http://pic.pimg.tw/ronnywang/1399904149-416495608.jpg?v=1399904156,2880319137-5.png
./第8屆立法委員擬參選人周守訓政治獻金專戶/1273_001.jpg,,6,http://pic.pimg.tw/ronnywang/1399904149-416495608.jpg?v=1399904156,2880319137-6.png
./第8屆立法委員擬參選人周守訓政治獻金專戶/1273_001.jpg,,7,http://pic.pimg.tw/ronnywang/1399904149-416495608.jpg?v=1399904156,2880319137-7.png
./第8屆立法委員擬參選人周守訓政治獻金專戶/1273_001.jpg,,8,http://pic.pimg.tw/ronnywang/1399904149-416495608.jpg?v=1399904156,2880319137-8.png
./第8屆立法委員擬參選人周守訓政治獻金專戶/1273_002.jpg,,0,http://pic.pimg.tw/ronnywang/1399904705-348059731.jpg,3508637131-0.png
./第8屆立法委員擬參選人周守訓政治獻金專戶/1273_002.jpg,,1,http://pic.pimg.tw/ronnywang/1399904705-348059731.jpg,3508637131-1.png
./第8屆立法委員擬參選人周守訓政治獻金專戶/1273_002.jpg,,2,http://pic.pimg.tw/ronnywang/1399904705-348059731.jpg,3508637131-2.png
./第8屆立法委員擬參選人周守訓政治獻金專戶/1273_002.jpg,,3,http://pic.pimg.tw/ronnywang/1399904705-348059731.jpg,3508637131-3.png
./第8屆立法委員擬參選人周守訓政治獻金專戶/1273_002.jpg,,4,http://pic.pimg.tw/ronnywang/1399904705-348059731.jpg,3508637131-4.png
./第8屆立法委員擬參選人周守訓政治獻金專戶/1273_002.jpg,,5,http://pic.pimg.tw/ronnywang/1399904705-348059731.jpg,3508637131-5.png
./第8屆立法委員擬參選人周守訓政治獻金專戶/1273_002.jpg,,6,http://pic.pimg.tw/ronnywang/1399904705-348059731.jpg,3508637131-6.png
./第8屆立法委員擬參選人周守訓政治獻金專戶/1273_002.jpg,,7,http://pic.pimg.tw/ronnywang/1399904705-348059731.jpg,3508637131-7.png
./第8屆立法委員擬參選人周守訓政治獻金專戶/1273_002.jpg,,8,http://pic.pimg.tw/ronnywang/1399904705-348059731.jpg,3508637131-8.png
./第8屆立法委員擬參選人周守訓政治獻金專戶/1273_003.jpg,,0,http://pic.pimg.tw/ronnywang/1399904534-792959906.jpg,2970206147-0.png
./第8屆立法委員擬參選人周守訓政治獻金專戶/1273_003.jpg,,1,http://pic.pimg.tw/ronnywang/1399904534-792959906.jpg,2970206147-1.png
./第8屆立法委員擬參選人周守訓政治獻金專戶/1273_003.jpg,,2,http://pic.pimg.tw/ronnywang/1399904534-792959906.jpg,2970206147-2.png
./第8屆立法委員擬參選人周守訓政治獻金專戶/1273_003.jpg,,3,http://pic.pimg.tw/ronnywang/1399904534-792959906.jpg,2970206147-3.png
./第8屆立法委員擬參選人周守訓政治獻金專戶/1273_003.jpg,,4,http://pic.pimg.tw/ronnywang/1399904534-792959906.jpg,2970206147-4.png
./第8屆立法委員擬參選人周守訓政治獻金專戶/1273_003.jpg,,5,http://pic.pimg.tw/ronnywang/1399904534-792959906.jpg,2970206147-5.png
./第8屆立法委員擬參選人周守訓政治獻金專戶/1273_003.jpg,,6,http://pic.pimg.tw/ronnywang/1399904534-792959906.jpg,2970206147-6.png
./第8屆立法委員擬參選人周守訓政治獻金專戶/1273_005.jpg,,0,http://pic.pimg.tw/ronnywang/1399904403-2522138940.jpg,682249754-0.png
./第8屆立法委員擬參選人周守訓政治獻金專戶/1273_005.jpg,,1,http://pic.pimg.tw/ronnywang/1399904403-2522138940.jpg,682249754-1.png
./第8屆立法委員擬參選人周守訓政治獻金專戶/1273_005.jpg,,2,http://pic.pimg.tw/ronnywang/1399904403-2522138940.jpg,682249754-2.png
./第8屆立法委員擬參選人周守訓政治獻金專戶/1273_005.jpg,,3,http://pic.pimg.tw/ronnywang/1399904403-2522138940.jpg,682249754-3.png
./第8屆立法委員擬參選人周守訓政治獻金專戶/1273_005.jpg,,4,http://pic.pimg.tw/ronnywang/1399904403-2522138940.jpg,682249754-4.png
./第8屆立法委員擬參選人周守訓政治獻金專戶/1273_005.jpg,,5,http://pic.pimg.tw/ronnywang/1399904403-2522138940.jpg,682249754-5.png
./第8屆立法委員擬參選人周守訓政治獻金專戶/1273_005.jpg,,6,http://pic.pimg.tw/ronnywang/1399904403-2522138940.jpg,682249754-6.png
./第8屆立法委員擬參選人周守訓政治獻金專戶/1273_005.jpg,,7,http://pic.pimg.tw/ronnywang/1399904403-2522138940.jpg,682249754-7.png
./第8屆立法委員擬參選人周守訓政治獻金專戶/1273_005.jpg,,8,http://pic.pimg.tw/ronnywang/1399904403-2522138940.jpg,682249754-8.png
./第8屆立法委員擬參選人周守訓政治獻金專戶/1273_006.jpg,,0,http://pic.pimg.tw/ronnywang/1399904756-988040413.jpg,2340746909-0.png
./第8屆立法委員擬參選人周守訓政治獻金專戶/1273_006.jpg,,1,http://pic.pimg.tw/ronnywang/1399904756-988040413.jpg,2340746909-1.png
./第8屆立法委員擬參選人周守訓政治獻金專戶/1273_006.jpg,,2,http://pic.pimg.tw/ronnywang/1399904756-988040413.jpg,2340746909-2.png
./第8屆立法委員擬參選人周守訓政治獻金專戶/1273_006.jpg,,3,http://pic.pimg.tw/ronnywang/1399904756-988040413.jpg,2340746909-3.png
./第8屆立法委員擬參選人周守訓政治獻金專戶/1273_006.jpg,,4,http://pic.pimg.tw/ronnywang/1399904756-988040413.jpg,2340746909-4.png
./第8屆立法委員擬參選人周守訓政治獻金專戶/1273_006.jpg,,5,http://pic.pimg.tw/ronnywang/1399904756-988040413.jpg,2340746909-5.png
./第8屆立法委員擬參選人周守訓政治獻金專戶/1273_006.jpg,,6,http://pic.pimg.tw/ronnywang/1399904756-988040413.jpg,2340746909-6.png
./第8屆立法委員擬參選人周守訓政治獻金專戶/1273_006.jpg,,7,http://pic.pimg.tw/ronnywang/1399904756-988040413.jpg,2340746909-7.png
./第8屆立法委員擬參選人周守訓政治獻金專戶/1273_006.jpg,,8,http://pic.pimg.tw/ronnywang/1399904756-988040413.jpg,2340746909-8.png
./第8屆立法委員擬參選人周守訓政治獻金專戶/1273_007.jpg,,0,http://pic.pimg.tw/ronnywang/1399904019-3667232770.jpg?v=1399904026,1056624034-0.png
./第8屆立法委員擬參選人周守訓政治獻金專戶/1273_007.jpg,,1,http://pic.pimg.tw/ronnywang/1399904019-3667232770.jpg?v=1399904026,1056624034-1.png
./第8屆立法委員擬參選人周守訓政治獻金專戶/1273_007.jpg,,2,http://pic.pimg.tw/ronnywang/1399904019-3667232770.jpg?v=1399904026,1056624034-2.png
./第8屆立法委員擬參選人周守訓政治獻金專戶/1273_007.jpg,,3,http://pic.pimg.tw/ronnywang/1399904019-3667232770.jpg?v=1399904026,1056624034-3.png
./第8屆立法委員擬參選人周守訓政治獻金專戶/1273_007.jpg,,4,http://pic.pimg.tw/ronnywang/1399904019-3667232770.jpg?v=1399904026,1056624034-4.png
./第8屆立法委員擬參選人周守訓政治獻金專戶/1273_007.jpg,,5,http://pic.pimg.tw/ronnywang/1399904019-3667232770.jpg?v=1399904026,1056624034-5.png
./第8屆立法委員擬參選人周守訓政治獻金專戶/1273_007.jpg,,6,http://pic.pimg.tw/ronnywang/1399904019-3667232770.jpg?v=1399904026,1056624034-6.png
