id,檔名,頁數,網址,圖寬,圖高
045,第8屆立法委員擬參選人蔡錦隆政治獻金專戶-支出-101/02/13-100/12/17,001,http://pic.pimg.tw/ronnywang/1398502693-2364899056_n.jpg,7020,5100
039,第8屆立法委員擬參選人蔡錦隆政治獻金專戶-支出-101/02/13-100/12/17,002,http://pic.pimg.tw/ronnywang/1398502634-939459524_n.jpg,7020,5100
044,第8屆立法委員擬參選人蔡錦隆政治獻金專戶-支出-101/02/13-100/12/17,003,http://pic.pimg.tw/ronnywang/1398502686-4276236922_n.jpg,7020,5100
054,第8屆立法委員擬參選人蔡錦隆政治獻金專戶-支出-101/02/13-100/12/17,004,http://pic.pimg.tw/ronnywang/1398502771-2970073285_n.jpg,7020,5100
051,第8屆立法委員擬參選人蔡錦隆政治獻金專戶-支出-101/02/13-100/12/17,005,http://pic.pimg.tw/ronnywang/1398502746-1070461232_n.jpg,7020,5100
058,第8屆立法委員擬參選人蔡錦隆政治獻金專戶-支出-101/02/13-100/12/17,006,http://pic.pimg.tw/ronnywang/1398502805-2819294385_n.jpg,7020,5100
053,第8屆立法委員擬參選人蔡錦隆政治獻金專戶-支出-101/02/13-100/12/17,007,http://pic.pimg.tw/ronnywang/1398502764-4203723393_n.jpg,7020,5100
042,第8屆立法委員擬參選人蔡錦隆政治獻金專戶-支出-101/02/13-100/12/17,008,http://pic.pimg.tw/ronnywang/1398502667-2648352141_n.jpg?v=1398502673,7020,5100
046,第8屆立法委員擬參選人蔡錦隆政治獻金專戶-支出-101/02/13-100/12/17,009,http://pic.pimg.tw/ronnywang/1398502702-395711067_n.jpg,7020,5100
047,第8屆立法委員擬參選人蔡錦隆政治獻金專戶-支出-101/02/13-100/12/17,010,http://pic.pimg.tw/ronnywang/1398502710-1584941659_n.jpg,7020,5100
038,第8屆立法委員擬參選人蔡錦隆政治獻金專戶-支出-101/02/13-100/12/17,011,http://pic.pimg.tw/ronnywang/1398502626-853606580_n.jpg,7020,5100
056,第8屆立法委員擬參選人蔡錦隆政治獻金專戶-支出-101/02/13-100/12/17,012,http://pic.pimg.tw/ronnywang/1398502787-1966771257_n.jpg?v=1398502794,7020,5100
060,第8屆立法委員擬參選人蔡錦隆政治獻金專戶-支出-101/02/13-100/12/17,013,http://pic.pimg.tw/ronnywang/1398502827-1972559944_n.jpg,7020,5100
043,第8屆立法委員擬參選人蔡錦隆政治獻金專戶-支出-101/02/13-100/12/17,014,http://pic.pimg.tw/ronnywang/1398502675-2946978972_n.jpg,7020,5100
061,第8屆立法委員擬參選人蔡錦隆政治獻金專戶-支出-101/02/13-100/12/17,015,http://pic.pimg.tw/ronnywang/1398502838-4124120094_n.jpg,7020,5100
057,第8屆立法委員擬參選人蔡錦隆政治獻金專戶-支出-101/02/13-100/12/17,016,http://pic.pimg.tw/ronnywang/1398502798-3532939145_n.jpg,7020,5100
040,第8屆立法委員擬參選人蔡錦隆政治獻金專戶-支出-101/02/13-100/12/17,017,http://pic.pimg.tw/ronnywang/1398502644-593463309_n.jpg,7020,5100
059,第8屆立法委員擬參選人蔡錦隆政治獻金專戶-支出-101/02/13-100/12/17,018,http://pic.pimg.tw/ronnywang/1398502818-1948526888_n.jpg,7020,5100
050,第8屆立法委員擬參選人蔡錦隆政治獻金專戶-支出-101/02/13-100/12/17,019,http://pic.pimg.tw/ronnywang/1398502740-417870922_n.jpg,7020,5100
049,第8屆立法委員擬參選人蔡錦隆政治獻金專戶-支出-101/02/13-100/12/17,020,http://pic.pimg.tw/ronnywang/1398502729-3661274470_n.jpg,7020,5100
048,第8屆立法委員擬參選人蔡錦隆政治獻金專戶-支出-101/02/13-100/12/17,021,http://pic.pimg.tw/ronnywang/1398502719-3622606347_n.jpg,7020,5100
041,第8屆立法委員擬參選人蔡錦隆政治獻金專戶-支出-101/02/13-100/12/17,022,http://pic.pimg.tw/ronnywang/1398502655-538255181_n.jpg?v=1398502664,7020,5100
055,第8屆立法委員擬參選人蔡錦隆政治獻金專戶-支出-101/02/13-100/12/17,023,http://pic.pimg.tw/ronnywang/1398502779-3386270843_n.jpg?v=1398502785,7020,5100
062,第8屆立法委員擬參選人蔡錦隆政治獻金專戶-支出-101/02/13-100/12/17,024,http://pic.pimg.tw/ronnywang/1398502843-1687274948_n.jpg,7020,5100
052,第8屆立法委員擬參選人蔡錦隆政治獻金專戶-支出-101/02/13-100/12/17,025,http://pic.pimg.tw/ronnywang/1398502756-3348845744_n.jpg,7020,5100
020,第8屆立法委員擬參選人蔡錦隆政治獻金專戶-支出-100/12/17-100/09/22,001,http://pic.pimg.tw/ronnywang/1398502464-2670334645_n.jpg,7020,5100
014,第8屆立法委員擬參選人蔡錦隆政治獻金專戶-支出-100/12/17-100/09/22,002,http://pic.pimg.tw/ronnywang/1398502407-4062749511_n.jpg,7020,5100
019,第8屆立法委員擬參選人蔡錦隆政治獻金專戶-支出-100/12/17-100/09/22,003,http://pic.pimg.tw/ronnywang/1398502453-3180990929_n.jpg?v=1398502459,7020,5100
029,第8屆立法委員擬參選人蔡錦隆政治獻金專戶-支出-100/12/17-100/09/22,004,http://pic.pimg.tw/ronnywang/1398502546-28710348_n.jpg?v=1398502554,7020,5100
026,第8屆立法委員擬參選人蔡錦隆政治獻金專戶-支出-100/12/17-100/09/22,005,http://pic.pimg.tw/ronnywang/1398502518-3109100217_n.jpg,7020,5100
033,第8屆立法委員擬參選人蔡錦隆政治獻金專戶-支出-100/12/17-100/09/22,006,http://pic.pimg.tw/ronnywang/1398502580-2875989788_n.jpg,7020,5100
028,第8屆立法委員擬參選人蔡錦隆政治獻金專戶-支出-100/12/17-100/09/22,007,http://pic.pimg.tw/ronnywang/1398502537-351386355_n.jpg,7020,5100
017,第8屆立法委員擬參選人蔡錦隆政治獻金專戶-支出-100/12/17-100/09/22,008,http://pic.pimg.tw/ronnywang/1398502435-1071849331_n.jpg,7020,5100
021,第8屆立法委員擬參選人蔡錦隆政治獻金專戶-支出-100/12/17-100/09/22,009,http://pic.pimg.tw/ronnywang/1398502472-2258883373_n.jpg?v=1398502479,7020,5100
022,第8屆立法委員擬參選人蔡錦隆政治獻金專戶-支出-100/12/17-100/09/22,010,http://pic.pimg.tw/ronnywang/1398502484-3514553620_n.jpg,7020,5100
013,第8屆立法委員擬參選人蔡錦隆政治獻金專戶-支出-100/12/17-100/09/22,011,http://pic.pimg.tw/ronnywang/1398502397-2215657214_n.jpg,7020,5100
031,第8屆立法委員擬參選人蔡錦隆政治獻金專戶-支出-100/12/17-100/09/22,012,http://pic.pimg.tw/ronnywang/1398502565-1146542847_n.jpg,7020,5100
035,第8屆立法委員擬參選人蔡錦隆政治獻金專戶-支出-100/12/17-100/09/22,013,http://pic.pimg.tw/ronnywang/1398502600-3940869031_n.jpg,7020,5100
018,第8屆立法委員擬參選人蔡錦隆政治獻金專戶-支出-100/12/17-100/09/22,014,http://pic.pimg.tw/ronnywang/1398502444-2573044299_n.jpg,7020,5100
036,第8屆立法委員擬參選人蔡錦隆政治獻金專戶-支出-100/12/17-100/09/22,015,http://pic.pimg.tw/ronnywang/1398502608-3313860418_n.jpg,7020,5100
032,第8屆立法委員擬參選人蔡錦隆政治獻金專戶-支出-100/12/17-100/09/22,016,http://pic.pimg.tw/ronnywang/1398502573-2613213579_n.jpg,7020,5100
015,第8屆立法委員擬參選人蔡錦隆政治獻金專戶-支出-100/12/17-100/09/22,017,http://pic.pimg.tw/ronnywang/1398502417-3080705731_n.jpg,7020,5100
034,第8屆立法委員擬參選人蔡錦隆政治獻金專戶-支出-100/12/17-100/09/22,018,http://pic.pimg.tw/ronnywang/1398502589-1904788410_n.jpg,7020,5100
025,第8屆立法委員擬參選人蔡錦隆政治獻金專戶-支出-100/12/17-100/09/22,019,http://pic.pimg.tw/ronnywang/1398502509-2859535074_n.jpg?v=1398502515,7020,5100
024,第8屆立法委員擬參選人蔡錦隆政治獻金專戶-支出-100/12/17-100/09/22,020,http://pic.pimg.tw/ronnywang/1398502500-2989080569_n.jpg,7020,5100
023,第8屆立法委員擬參選人蔡錦隆政治獻金專戶-支出-100/12/17-100/09/22,021,http://pic.pimg.tw/ronnywang/1398502494-2557381996_n.jpg,7020,5100
016,第8屆立法委員擬參選人蔡錦隆政治獻金專戶-支出-100/12/17-100/09/22,022,http://pic.pimg.tw/ronnywang/1398502428-3841012735_n.jpg,7020,5100
030,第8屆立法委員擬參選人蔡錦隆政治獻金專戶-支出-100/12/17-100/09/22,023,http://pic.pimg.tw/ronnywang/1398502558-976542619_n.jpg,7020,5100
037,第8屆立法委員擬參選人蔡錦隆政治獻金專戶-支出-100/12/17-100/09/22,024,http://pic.pimg.tw/ronnywang/1398502618-776974151_n.jpg,7020,5100
027,第8屆立法委員擬參選人蔡錦隆政治獻金專戶-支出-100/12/17-100/09/22,025,http://pic.pimg.tw/ronnywang/1398502530-2024410726_n.jpg?v=1398502537,7020,5100
065,第8屆立法委員擬參選人蔡錦隆政治獻金專戶-支出-100/09/21-100/07/22,001,http://pic.pimg.tw/ronnywang/1398502876-137746301_n.jpg,7020,5100
063,第8屆立法委員擬參選人蔡錦隆政治獻金專戶-支出-100/09/21-100/07/22,002,http://pic.pimg.tw/ronnywang/1398502854-1968161018_n.jpg?v=1398502860,7020,5100
064,第8屆立法委員擬參選人蔡錦隆政治獻金專戶-支出-100/09/21-100/07/22,003,http://pic.pimg.tw/ronnywang/1398502862-3472342569_n.jpg?v=1398502873,7020,5100
067,第8屆立法委員擬參選人蔡錦隆政治獻金專戶-支出-100/09/21-100/07/22,004,http://pic.pimg.tw/ronnywang/1398502893-2488124037_n.jpg,7020,5100
066,第8屆立法委員擬參選人蔡錦隆政治獻金專戶-支出-100/09/21-100/07/22,005,http://pic.pimg.tw/ronnywang/1398502883-4111798339_n.jpg,7020,5100
068,第8屆立法委員擬參選人蔡錦隆政治獻金專戶-支出-100/09/21-100/07/22,006,http://pic.pimg.tw/ronnywang/1398502902-4257379323_n.jpg,7020,5100
004,第8屆立法委員擬參選人蔡錦隆政治獻金專戶-收入-101/01/12-100/07/29,001,http://pic.pimg.tw/ronnywang/1398502316-1166174559_n.jpg,7020,5100
001,第8屆立法委員擬參選人蔡錦隆政治獻金專戶-收入-101/01/12-100/07/29,002,http://pic.pimg.tw/ronnywang/1398502292-1432315843_n.jpg?v=1398502298,7020,5100
003,第8屆立法委員擬參選人蔡錦隆政治獻金專戶-收入-101/01/12-100/07/29,003,http://pic.pimg.tw/ronnywang/1398502308-3022674411_n.jpg,7020,5100
009,第8屆立法委員擬參選人蔡錦隆政治獻金專戶-收入-101/01/12-100/07/29,004,http://pic.pimg.tw/ronnywang/1398502364-585830397_n.jpg,7020,5100
007,第8屆立法委員擬參選人蔡錦隆政治獻金專戶-收入-101/01/12-100/07/29,005,http://pic.pimg.tw/ronnywang/1398502343-2537090620_n.jpg?v=1398502351,7020,5100
011,第8屆立法委員擬參選人蔡錦隆政治獻金專戶-收入-101/01/12-100/07/29,006,http://pic.pimg.tw/ronnywang/1398502381-4251511105_n.jpg?v=1398502387,7020,5100
008,第8屆立法委員擬參選人蔡錦隆政治獻金專戶-收入-101/01/12-100/07/29,007,http://pic.pimg.tw/ronnywang/1398502356-477961814_n.jpg,7020,5100
002,第8屆立法委員擬參選人蔡錦隆政治獻金專戶-收入-101/01/12-100/07/29,008,http://pic.pimg.tw/ronnywang/1398502299-2480569640_n.jpg,7020,5100
005,第8屆立法委員擬參選人蔡錦隆政治獻金專戶-收入-101/01/12-100/07/29,009,http://pic.pimg.tw/ronnywang/1398502325-2961857734_n.jpg,7020,5100
006,第8屆立法委員擬參選人蔡錦隆政治獻金專戶-收入-101/01/12-100/07/29,010,http://pic.pimg.tw/ronnywang/1398502335-341878790_n.jpg,7020,5100
010,第8屆立法委員擬參選人蔡錦隆政治獻金專戶-收入-101/01/12-100/07/29,012,http://pic.pimg.tw/ronnywang/1398502372-3123877085_n.jpg,7020,5100
012,第8屆立法委員擬參選人蔡錦隆政治獻金專戶-收入-101/01/12-100/07/29,013,http://pic.pimg.tw/ronnywang/1398502389-385429008_n.jpg,7020,5100
439,第1屆臺南市市長擬參選人賴清德政治獻金專戶-收入-099/12/21-099/11/11,001,http://pic.pimg.tw/ronnywang/1398529305-3228323404_n.png?v=1398529316,3508,2480
117,第1屆臺南市市長擬參選人賴清德政治獻金專戶-收入-099/12/21-099/11/11,002,http://pic.pimg.tw/ronnywang/1398526116-2496355993_n.png,3508,2480
076,第1屆臺南市市長擬參選人賴清德政治獻金專戶-收入-099/12/21-099/11/11,003,http://pic.pimg.tw/ronnywang/1398525700-1675851389_n.png,3508,2480
278,第1屆臺南市市長擬參選人賴清德政治獻金專戶-收入-099/12/21-099/11/11,004,http://pic.pimg.tw/ronnywang/1398527741-2698031242_n.png?v=1398527751,3508,2480
183,第1屆臺南市市長擬參選人賴清德政治獻金專戶-收入-099/12/21-099/11/11,005,http://pic.pimg.tw/ronnywang/1398526805-1104052329_n.png,3508,2480
321,第1屆臺南市市長擬參選人賴清德政治獻金專戶-收入-099/12/21-099/11/11,006,http://pic.pimg.tw/ronnywang/1398528140-698177305_n.png,3508,2480
204,第1屆臺南市市長擬參選人賴清德政治獻金專戶-收入-099/12/21-099/11/11,007,http://pic.pimg.tw/ronnywang/1398527003-3722816385_n.png,3508,2480
335,第1屆臺南市市長擬參選人賴清德政治獻金專戶-收入-099/12/21-099/11/11,008,http://pic.pimg.tw/ronnywang/1398528314-1522196146_n.png,3508,2480
382,第1屆臺南市市長擬參選人賴清德政治獻金專戶-收入-099/12/21-099/11/11,009,http://pic.pimg.tw/ronnywang/1398528735-4206107755_n.png?v=1398528743,3508,2480
253,第1屆臺南市市長擬參選人賴清德政治獻金專戶-收入-099/12/21-099/11/11,010,http://pic.pimg.tw/ronnywang/1398527498-3583803606_n.png,3508,2480
229,第1屆臺南市市長擬參選人賴清德政治獻金專戶-收入-099/12/21-099/11/11,011,http://pic.pimg.tw/ronnywang/1398527254-1740443382_n.png,3508,2480
324,第1屆臺南市市長擬參選人賴清德政治獻金專戶-收入-099/12/21-099/11/11,012,http://pic.pimg.tw/ronnywang/1398528168-4114586213_n.png,3508,2480
280,第1屆臺南市市長擬參選人賴清德政治獻金專戶-收入-099/12/21-099/11/11,013,http://pic.pimg.tw/ronnywang/1398527763-3737888999_n.png,3508,2480
336,第1屆臺南市市長擬參選人賴清德政治獻金專戶-收入-099/12/21-099/11/11,014,http://pic.pimg.tw/ronnywang/1398528323-2153393728_n.png,3508,2480
303,第1屆臺南市市長擬參選人賴清德政治獻金專戶-收入-099/12/21-099/11/11,015,http://pic.pimg.tw/ronnywang/1398527967-2619682185_n.png,3508,2480
184,第1屆臺南市市長擬參選人賴清德政治獻金專戶-收入-099/12/21-099/11/11,016,http://pic.pimg.tw/ronnywang/1398526812-239464741_n.png,3508,2480
256,第1屆臺南市市長擬參選人賴清德政治獻金專戶-收入-099/12/21-099/11/11,017,http://pic.pimg.tw/ronnywang/1398527530-2298599615_n.png,3508,2480
365,第1屆臺南市市長擬參選人賴清德政治獻金專戶-收入-099/12/21-099/11/11,018,http://pic.pimg.tw/ronnywang/1398528582-2128556979_n.png?v=1398528590,3508,2480
462,第1屆臺南市市長擬參選人賴清德政治獻金專戶-收入-099/12/21-099/11/11,019,http://pic.pimg.tw/ronnywang/1398529526-128811675_n.png,3508,2480
332,第1屆臺南市市長擬參選人賴清德政治獻金專戶-收入-099/12/21-099/11/11,020,http://pic.pimg.tw/ronnywang/1398528279-3957514138_n.png,3508,2480
072,第1屆臺南市市長擬參選人賴清德政治獻金專戶-收入-099/12/21-099/11/11,021,http://pic.pimg.tw/ronnywang/1398525647-3313499156_n.png,3508,2480
471,第1屆臺南市市長擬參選人賴清德政治獻金專戶-收入-099/12/21-099/11/11,022,http://pic.pimg.tw/ronnywang/1398529610-3551716649_n.png,3508,2480
246,第1屆臺南市市長擬參選人賴清德政治獻金專戶-收入-099/12/21-099/11/11,023,http://pic.pimg.tw/ronnywang/1398527421-695186570_n.png,3508,2480
081,第1屆臺南市市長擬參選人賴清德政治獻金專戶-收入-099/12/21-099/11/11,024,http://pic.pimg.tw/ronnywang/1398525747-616299288_n.png,3508,2480
167,第1屆臺南市市長擬參選人賴清德政治獻金專戶-收入-099/11/11-099/10/25,001,http://pic.pimg.tw/ronnywang/1398526630-3490288340_n.png,3508,2480
296,第1屆臺南市市長擬參選人賴清德政治獻金專戶-收入-099/11/11-099/10/25,002,http://pic.pimg.tw/ronnywang/1398527903-2748442184_n.png,3508,2480
466,第1屆臺南市市長擬參選人賴清德政治獻金專戶-收入-099/11/11-099/10/25,003,http://pic.pimg.tw/ronnywang/1398529568-323622776_n.png,3508,2480
227,第1屆臺南市市長擬參選人賴清德政治獻金專戶-收入-099/11/11-099/10/25,004,http://pic.pimg.tw/ronnywang/1398527237-1846118976_n.png,3508,2480
293,第1屆臺南市市長擬參選人賴清德政治獻金專戶-收入-099/11/11-099/10/25,005,http://pic.pimg.tw/ronnywang/1398527881-75142772_n.png,3508,2480
176,第1屆臺南市市長擬參選人賴清德政治獻金專戶-收入-099/11/11-099/10/25,006,http://pic.pimg.tw/ronnywang/1398526736-1644150403_n.png,3508,2480
343,第1屆臺南市市長擬參選人賴清德政治獻金專戶-收入-099/11/11-099/10/25,007,http://pic.pimg.tw/ronnywang/1398528390-3231461301_n.png,3508,2480
326,第1屆臺南市市長擬參選人賴清德政治獻金專戶-收入-099/11/11-099/10/25,008,http://pic.pimg.tw/ronnywang/1398528189-1656515369_n.png,3508,2480
438,第1屆臺南市市長擬參選人賴清德政治獻金專戶-收入-099/11/11-099/10/25,009,http://pic.pimg.tw/ronnywang/1398529294-1329457554_n.png,3508,2480
196,第1屆臺南市市長擬參選人賴清德政治獻金專戶-收入-099/11/11-099/10/25,010,http://pic.pimg.tw/ronnywang/1398526926-3283730641_n.png?v=1398526934,3508,2480
091,第1屆臺南市市長擬參選人賴清德政治獻金專戶-收入-099/11/11-099/10/25,011,http://pic.pimg.tw/ronnywang/1398525835-2119411010_n.png,3508,2480
450,第1屆臺南市市長擬參選人賴清德政治獻金專戶-收入-099/11/11-099/10/25,012,http://pic.pimg.tw/ronnywang/1398529414-3421389608_n.png?v=1398529422,3508,2480
413,第1屆臺南市市長擬參選人賴清德政治獻金專戶-收入-099/11/11-099/10/25,013,http://pic.pimg.tw/ronnywang/1398529035-71910573_n.png,3508,2480
129,第1屆臺南市市長擬參選人賴清德政治獻金專戶-收入-099/11/11-099/10/25,014,http://pic.pimg.tw/ronnywang/1398526241-1508602623_n.png,3508,2480
083,第1屆臺南市市長擬參選人賴清德政治獻金專戶-收入-099/11/11-099/10/25,015,http://pic.pimg.tw/ronnywang/1398525768-2247164527_n.png?v=1398525777,3508,2480
314,第1屆臺南市市長擬參選人賴清德政治獻金專戶-收入-099/11/11-099/10/25,016,http://pic.pimg.tw/ronnywang/1398528071-4063743707_n.png,3508,2480
443,第1屆臺南市市長擬參選人賴清德政治獻金專戶-收入-099/11/11-099/10/25,017,http://pic.pimg.tw/ronnywang/1398529342-2416377891_n.png?v=1398529353,3508,2480
251,第1屆臺南市市長擬參選人賴清德政治獻金專戶-收入-099/11/11-099/10/25,018,http://pic.pimg.tw/ronnywang/1398527478-1139857750_n.png,3508,2480
187,第1屆臺南市市長擬參選人賴清德政治獻金專戶-收入-099/11/11-099/10/25,019,http://pic.pimg.tw/ronnywang/1398526840-1017885358_n.png,3508,2480
119,第1屆臺南市市長擬參選人賴清德政治獻金專戶-收入-099/11/11-099/10/25,020,http://pic.pimg.tw/ronnywang/1398526134-1424328276_n.png?v=1398526144,3508,2480
113,第1屆臺南市市長擬參選人賴清德政治獻金專戶-收入-099/11/11-099/10/25,021,http://pic.pimg.tw/ronnywang/1398526076-3722750830_n.png?v=1398526086,3508,2480
338,第1屆臺南市市長擬參選人賴清德政治獻金專戶-收入-099/11/11-099/10/25,022,http://pic.pimg.tw/ronnywang/1398528349-1880742856_n.png?v=1398528357,3508,2480
168,第1屆臺南市市長擬參選人賴清德政治獻金專戶-收入-099/11/11-099/10/25,023,http://pic.pimg.tw/ronnywang/1398526643-3802032075_n.png,3508,2480
169,第1屆臺南市市長擬參選人賴清德政治獻金專戶-收入-099/11/11-099/10/25,024,http://pic.pimg.tw/ronnywang/1398526650-3737715779_n.png,3508,2480
430,第1屆臺南市市長擬參選人賴清德政治獻金專戶-收入-099/11/11-099/10/25,025,http://pic.pimg.tw/ronnywang/1398529211-3543103026_n.png,3508,2480
460,第1屆臺南市市長擬參選人賴清德政治獻金專戶-收入-099/10/25-099/09/29,001,http://pic.pimg.tw/ronnywang/1398529507-3763124515_n.png,3508,2480
262,第1屆臺南市市長擬參選人賴清德政治獻金專戶-收入-099/10/25-099/09/29,002,http://pic.pimg.tw/ronnywang/1398527594-2180949192_n.png?v=1398527603,3508,2480
315,第1屆臺南市市長擬參選人賴清德政治獻金專戶-收入-099/10/25-099/09/29,003,http://pic.pimg.tw/ronnywang/1398528080-4288399694_n.png?v=1398528090,3508,2480
375,第1屆臺南市市長擬參選人賴清德政治獻金專戶-收入-099/10/25-099/09/29,004,http://pic.pimg.tw/ronnywang/1398528664-1529880843_n.png?v=1398528673,3508,2480
171,第1屆臺南市市長擬參選人賴清德政治獻金專戶-收入-099/10/25-099/09/29,005,http://pic.pimg.tw/ronnywang/1398526670-3468100450_n.png,3508,2480
172,第1屆臺南市市長擬參選人賴清德政治獻金專戶-收入-099/10/25-099/09/29,006,http://pic.pimg.tw/ronnywang/1398526680-137201118_n.png,3508,2480
302,第1屆臺南市市長擬參選人賴清德政治獻金專戶-收入-099/10/25-099/09/29,007,http://pic.pimg.tw/ronnywang/1398527963-4043127229_n.png,3508,2480
446,第1屆臺南市市長擬參選人賴清德政治獻金專戶-收入-099/10/25-099/09/29,008,http://pic.pimg.tw/ronnywang/1398529373-1550841831_n.png,3508,2480
085,第1屆臺南市市長擬參選人賴清德政治獻金專戶-收入-099/10/25-099/09/29,009,http://pic.pimg.tw/ronnywang/1398525786-2456642127_n.png,3508,2480
319,第1屆臺南市市長擬參選人賴清德政治獻金專戶-收入-099/10/25-099/09/29,010,http://pic.pimg.tw/ronnywang/1398528121-1852241992_n.png,3508,2480
358,第1屆臺南市市長擬參選人賴清德政治獻金專戶-收入-099/10/25-099/09/29,011,http://pic.pimg.tw/ronnywang/1398528525-200712212_n.png?v=1398528535,3508,2480
325,第1屆臺南市市長擬參選人賴清德政治獻金專戶-收入-099/10/25-099/09/29,012,http://pic.pimg.tw/ronnywang/1398528178-557671803_n.png,3508,2480
266,第1屆臺南市市長擬參選人賴清德政治獻金專戶-收入-099/10/25-099/09/29,013,http://pic.pimg.tw/ronnywang/1398527639-4270002403_n.png?v=1398527650,3508,2480
178,第1屆臺南市市長擬參選人賴清德政治獻金專戶-收入-099/10/25-099/09/29,014,http://pic.pimg.tw/ronnywang/1398526754-1539104692_n.png,3508,2480
276,第1屆臺南市市長擬參選人賴清德政治獻金專戶-收入-099/10/25-099/09/29,015,http://pic.pimg.tw/ronnywang/1398527725-700110258_n.png?v=1398527733,3508,2480
359,第1屆臺南市市長擬參選人賴清德政治獻金專戶-收入-099/10/25-099/09/29,016,http://pic.pimg.tw/ronnywang/1398528533-939107900_n.png?v=1398528540,3508,2480
146,第1屆臺南市市長擬參選人賴清德政治獻金專戶-收入-099/10/25-099/09/29,017,http://pic.pimg.tw/ronnywang/1398526402-1374049425_n.png,3508,2480
357,第1屆臺南市市長擬參選人賴清德政治獻金專戶-收入-099/10/25-099/09/29,018,http://pic.pimg.tw/ronnywang/1398528517-842756688_n.png,3508,2480
260,第1屆臺南市市長擬參選人賴清德政治獻金專戶-收入-099/10/25-099/09/29,019,http://pic.pimg.tw/ronnywang/1398527574-3109686034_n.png?v=1398527584,3508,2480
330,第1屆臺南市市長擬參選人賴清德政治獻金專戶-收入-099/10/25-099/09/29,020,http://pic.pimg.tw/ronnywang/1398528256-3646586067_n.png,3508,2480
420,第1屆臺南市市長擬參選人賴清德政治獻金專戶-收入-099/10/25-099/09/29,021,http://pic.pimg.tw/ronnywang/1398529106-2060537459_n.png,3508,2480
414,第1屆臺南市市長擬參選人賴清德政治獻金專戶-收入-099/10/25-099/09/29,022,http://pic.pimg.tw/ronnywang/1398529043-3860606829_n.png?v=1398529052,3508,2480
367,第1屆臺南市市長擬參選人賴清德政治獻金專戶-收入-099/10/25-099/09/29,023,http://pic.pimg.tw/ronnywang/1398528598-1992799627_n.png,3508,2480
199,第1屆臺南市市長擬參選人賴清德政治獻金專戶-收入-099/10/25-099/09/29,024,http://pic.pimg.tw/ronnywang/1398526954-765246080_n.png,3508,2480
230,第1屆臺南市市長擬參選人賴清德政治獻金專戶-收入-099/10/25-099/09/29,025,http://pic.pimg.tw/ronnywang/1398527264-1011269168_n.png,3508,2480
456,第1屆臺南市市長擬參選人賴清德政治獻金專戶-收入-099/09/29-099/04/27,001,http://pic.pimg.tw/ronnywang/1398529472-1237844689_n.png?v=1398529481,3508,2480
380,第1屆臺南市市長擬參選人賴清德政治獻金專戶-收入-099/09/29-099/04/27,002,http://pic.pimg.tw/ronnywang/1398528710-120282522_n.png,3508,2480
159,第1屆臺南市市長擬參選人賴清德政治獻金專戶-收入-099/09/29-099/04/27,003,http://pic.pimg.tw/ronnywang/1398526551-3196591438_n.png,3508,2480
087,第1屆臺南市市長擬參選人賴清德政治獻金專戶-收入-099/09/29-099/04/27,004,http://pic.pimg.tw/ronnywang/1398525804-432825700_n.png,3508,2480
393,第1屆臺南市市長擬參選人賴清德政治獻金專戶-收入-099/09/29-099/04/27,005,http://pic.pimg.tw/ronnywang/1398528835-710545417_n.png,3508,2480
093,第1屆臺南市市長擬參選人賴清德政治獻金專戶-收入-099/09/29-099/04/27,006,http://pic.pimg.tw/ronnywang/1398525854-3031590649_n.png,3508,2480
463,第1屆臺南市市長擬參選人賴清德政治獻金專戶-收入-099/09/29-099/04/27,007,http://pic.pimg.tw/ronnywang/1398529532-3802357322_n.png?v=1398529540,3508,2480
390,第1屆臺南市市長擬參選人賴清德政治獻金專戶-收入-099/09/29-099/04/27,008,http://pic.pimg.tw/ronnywang/1398528806-2128217280_n.png?v=1398528817,3508,2480
347,第1屆臺南市市長擬參選人賴清德政治獻金專戶-收入-099/09/29-099/04/27,009,http://pic.pimg.tw/ronnywang/1398528424-727804434_n.png?v=1398528432,3508,2480
418,第1屆臺南市市長擬參選人賴清德政治獻金專戶-收入-099/09/29-099/04/27,010,http://pic.pimg.tw/ronnywang/1398529085-866511899_n.png?v=1398529095,3508,2480
434,第1屆臺南市市長擬參選人賴清德政治獻金專戶-收入-099/09/29-099/04/27,011,http://pic.pimg.tw/ronnywang/1398529256-903229799_n.png,3508,2480
297,第1屆臺南市市長擬參選人賴清德政治獻金專戶-收入-099/09/29-099/04/27,012,http://pic.pimg.tw/ronnywang/1398527909-1133117943_n.png?v=1398527922,3508,2480
157,第1屆臺南市市長擬參選人賴清德政治獻金專戶-收入-099/09/29-099/04/27,013,http://pic.pimg.tw/ronnywang/1398526526-2436195761_n.png?v=1398526538,3508,2480
228,第1屆臺南市市長擬參選人賴清德政治獻金專戶-收入-099/09/29-099/04/27,014,http://pic.pimg.tw/ronnywang/1398527246-2527071276_n.png?v=1398527254,3508,2480
158,第1屆臺南市市長擬參選人賴清德政治獻金專戶-收入-099/09/29-099/04/27,015,http://pic.pimg.tw/ronnywang/1398526538-391625368_n.png,3508,2480
163,第1屆臺南市市長擬參選人賴清德政治獻金專戶-收入-099/09/29-099/04/27,016,http://pic.pimg.tw/ronnywang/1398526587-3808762146_n.png,3508,2480
468,第1屆臺南市市長擬參選人賴清德政治獻金專戶-收入-099/09/29-099/04/27,017,http://pic.pimg.tw/ronnywang/1398529583-741062494_n.png,3508,2480
288,第1屆臺南市市長擬參選人賴清德政治獻金專戶-收入-099/09/29-099/04/27,018,http://pic.pimg.tw/ronnywang/1398527839-4218902930_n.png,3508,2480
298,第1屆臺南市市長擬參選人賴清德政治獻金專戶-收入-099/09/29-099/04/27,019,http://pic.pimg.tw/ronnywang/1398527925-2120049799_n.png,3508,2480
397,第1屆臺南市市長擬參選人賴清德政治獻金專戶-收入-099/09/29-099/04/27,020,http://pic.pimg.tw/ronnywang/1398528887-3859643265_n.png,3508,2480
156,第1屆臺南市市長擬參選人賴清德政治獻金專戶-收入-099/09/29-099/04/27,021,http://pic.pimg.tw/ronnywang/1398526513-3602677095_n.png,3508,2480
425,第1屆臺南市市長擬參選人賴清德政治獻金專戶-收入-099/09/29-099/04/27,022,http://pic.pimg.tw/ronnywang/1398529163-576617711_n.png,3508,2480
423,第1屆臺南市市長擬參選人賴清德政治獻金專戶-收入-099/09/29-099/04/27,023,http://pic.pimg.tw/ronnywang/1398529146-3525482810_n.png,3508,2480
104,第1屆臺南市市長擬參選人賴清德政治獻金專戶-支出-099/12/27-099/11/30,001,http://pic.pimg.tw/ronnywang/1398525976-1549280092_n.png,3508,2480
361,第1屆臺南市市長擬參選人賴清德政治獻金專戶-支出-099/12/27-099/11/30,002,http://pic.pimg.tw/ronnywang/1398528550-3677305923_n.png?v=1398528558,3508,2480
277,第1屆臺南市市長擬參選人賴清德政治獻金專戶-支出-099/12/27-099/11/30,003,http://pic.pimg.tw/ronnywang/1398527733-2297550218_n.png,3508,2480
193,第1屆臺南市市長擬參選人賴清德政治獻金專戶-支出-099/12/27-099/11/30,004,http://pic.pimg.tw/ronnywang/1398526897-965948941_n.png,3508,2480
259,第1屆臺南市市長擬參選人賴清德政治獻金專戶-支出-099/12/27-099/11/30,005,http://pic.pimg.tw/ronnywang/1398527565-3151486536_n.png,3508,2480
254,第1屆臺南市市長擬參選人賴清德政治獻金專戶-支出-099/12/27-099/11/30,006,http://pic.pimg.tw/ronnywang/1398527509-4085317633_n.png?v=1398527521,3508,2480
213,第1屆臺南市市長擬參選人賴清德政治獻金專戶-支出-099/12/27-099/11/30,007,http://pic.pimg.tw/ronnywang/1398527090-3585033339_n.png,3508,2480
470,第1屆臺南市市長擬參選人賴清德政治獻金專戶-支出-099/12/27-099/11/30,008,http://pic.pimg.tw/ronnywang/1398529601-4291338437_n.png,3508,2480
181,第1屆臺南市市長擬參選人賴清德政治獻金專戶-支出-099/12/27-099/11/30,009,http://pic.pimg.tw/ronnywang/1398526784-202361258_n.png,3508,2480
189,第1屆臺南市市長擬參選人賴清德政治獻金專戶-支出-099/12/27-099/11/30,010,http://pic.pimg.tw/ronnywang/1398526862-463420834_n.png,3508,2480
389,第1屆臺南市市長擬參選人賴清德政治獻金專戶-支出-099/12/27-099/11/30,011,http://pic.pimg.tw/ronnywang/1398528795-82703724_n.png,3508,2480
136,第1屆臺南市市長擬參選人賴清德政治獻金專戶-支出-099/12/27-099/11/30,012,http://pic.pimg.tw/ronnywang/1398526311-118617085_n.png,3508,2480
141,第1屆臺南市市長擬參選人賴清德政治獻金專戶-支出-099/12/27-099/11/30,013,http://pic.pimg.tw/ronnywang/1398526353-4266439426_n.png,3508,2480
472,第1屆臺南市市長擬參選人賴清德政治獻金專戶-支出-099/12/27-099/11/30,014,http://pic.pimg.tw/ronnywang/1398529619-1341679983_n.png,3508,2480
239,第1屆臺南市市長擬參選人賴清德政治獻金專戶-支出-099/12/27-099/11/30,015,http://pic.pimg.tw/ronnywang/1398527346-3384552216_n.png,3508,2480
405,第1屆臺南市市長擬參選人賴清德政治獻金專戶-支出-099/12/27-099/11/30,016,http://pic.pimg.tw/ronnywang/1398528959-225493420_n.png,3508,2480
203,第1屆臺南市市長擬參選人賴清德政治獻金專戶-支出-099/12/27-099/11/30,017,http://pic.pimg.tw/ronnywang/1398526994-1393556221_n.png,3508,2480
108,第1屆臺南市市長擬參選人賴清德政治獻金專戶-支出-099/12/27-099/11/30,018,http://pic.pimg.tw/ronnywang/1398526018-4214650406_n.png?v=1398526031,3508,2480
234,第1屆臺南市市長擬參選人賴清德政治獻金專戶-支出-099/12/27-099/11/30,019,http://pic.pimg.tw/ronnywang/1398527302-4255696496_n.png,3508,2480
128,第1屆臺南市市長擬參選人賴清德政治獻金專戶-支出-099/12/27-099/11/30,020,http://pic.pimg.tw/ronnywang/1398526229-611333860_n.png?v=1398526240,3508,2480
371,第1屆臺南市市長擬參選人賴清德政治獻金專戶-支出-099/12/27-099/11/30,021,http://pic.pimg.tw/ronnywang/1398528633-4035530808_n.png?v=1398528641,3508,2480
351,第1屆臺南市市長擬參選人賴清德政治獻金專戶-支出-099/12/27-099/11/30,022,http://pic.pimg.tw/ronnywang/1398528465-2623760771_n.png,3508,2480
300,第1屆臺南市市長擬參選人賴清德政治獻金專戶-支出-099/12/27-099/11/30,023,http://pic.pimg.tw/ronnywang/1398527942-3540804682_n.png,3508,2480
082,第1屆臺南市市長擬參選人賴清德政治獻金專戶-支出-099/12/27-099/11/30,024,http://pic.pimg.tw/ronnywang/1398525758-1856743872_n.png,3508,2480
147,第1屆臺南市市長擬參選人賴清德政治獻金專戶-支出-099/12/27-099/11/30,025,http://pic.pimg.tw/ronnywang/1398526411-3847873458_n.png,3508,2480
309,第1屆臺南市市長擬參選人賴清德政治獻金專戶-支出-099/11/30-099/11/23,001,http://pic.pimg.tw/ronnywang/1398528025-749207416_n.png,3508,2480
379,第1屆臺南市市長擬參選人賴清德政治獻金專戶-支出-099/11/30-099/11/23,002,http://pic.pimg.tw/ronnywang/1398528700-3960349686_n.png,3508,2480
310,第1屆臺南市市長擬參選人賴清德政治獻金專戶-支出-099/11/30-099/11/23,003,http://pic.pimg.tw/ronnywang/1398528034-129388935_n.png,3508,2480
465,第1屆臺南市市長擬參選人賴清德政治獻金專戶-支出-099/11/30-099/11/23,004,http://pic.pimg.tw/ronnywang/1398529550-1952599929_n.png?v=1398529558,3508,2480
174,第1屆臺南市市長擬參選人賴清德政治獻金專戶-支出-099/11/30-099/11/23,005,http://pic.pimg.tw/ronnywang/1398526705-4152225355_n.png,3508,2480
437,第1屆臺南市市長擬參選人賴清德政治獻金專戶-支出-099/11/30-099/11/23,006,http://pic.pimg.tw/ronnywang/1398529284-551556404_n.png?v=1398529294,3508,2480
151,第1屆臺南市市長擬參選人賴清德政治獻金專戶-支出-099/11/30-099/11/23,007,http://pic.pimg.tw/ronnywang/1398526452-1581191497_n.png?v=1398526459,3508,2480
416,第1屆臺南市市長擬參選人賴清德政治獻金專戶-支出-099/11/30-099/11/23,008,http://pic.pimg.tw/ronnywang/1398529063-290623289_n.png,3508,2480
440,第1屆臺南市市長擬參選人賴清德政治獻金專戶-支出-099/11/30-099/11/23,009,http://pic.pimg.tw/ronnywang/1398529313-4056184228_n.png,3508,2480
120,第1屆臺南市市長擬參選人賴清德政治獻金專戶-支出-099/11/30-099/11/23,010,http://pic.pimg.tw/ronnywang/1398526145-2906247969_n.png,3508,2480
232,第1屆臺南市市長擬參選人賴清德政治獻金專戶-支出-099/11/30-099/11/23,011,http://pic.pimg.tw/ronnywang/1398527283-1463486753_n.png,3508,2480
160,第1屆臺南市市長擬參選人賴清德政治獻金專戶-支出-099/11/30-099/11/23,012,http://pic.pimg.tw/ronnywang/1398526559-304869993_n.png,3508,2480
133,第1屆臺南市市長擬參選人賴清德政治獻金專戶-支出-099/11/30-099/11/23,013,http://pic.pimg.tw/ronnywang/1398526280-4093970060_n.png,3508,2480
432,第1屆臺南市市長擬參選人賴清德政治獻金專戶-支出-099/11/30-099/11/23,014,http://pic.pimg.tw/ronnywang/1398529237-2905381965_n.png,3508,2480
368,第1屆臺南市市長擬參選人賴清德政治獻金專戶-支出-099/11/30-099/11/23,015,http://pic.pimg.tw/ronnywang/1398528609-793356919_n.png,3508,2480
226,第1屆臺南市市長擬參選人賴清德政治獻金專戶-支出-099/11/30-099/11/23,016,http://pic.pimg.tw/ronnywang/1398527230-845314063_n.png,3508,2480
281,第1屆臺南市市長擬參選人賴清德政治獻金專戶-支出-099/11/30-099/11/23,017,http://pic.pimg.tw/ronnywang/1398527772-3802732793_n.png,3508,2480
268,第1屆臺南市市長擬參選人賴清德政治獻金專戶-支出-099/11/30-099/11/23,018,http://pic.pimg.tw/ronnywang/1398527658-363183561_n.png,3508,2480
077,第1屆臺南市市長擬參選人賴清德政治獻金專戶-支出-099/11/30-099/11/23,019,http://pic.pimg.tw/ronnywang/1398525711-2472076638_n.png,3508,2480
433,第1屆臺南市市長擬參選人賴清德政治獻金專戶-支出-099/11/30-099/11/23,020,http://pic.pimg.tw/ronnywang/1398529245-2161576384_n.png,3508,2480
412,第1屆臺南市市長擬參選人賴清德政治獻金專戶-支出-099/11/30-099/11/23,021,http://pic.pimg.tw/ronnywang/1398529026-511322906_n.png,3508,2480
410,第1屆臺南市市長擬參選人賴清德政治獻金專戶-支出-099/11/30-099/11/23,022,http://pic.pimg.tw/ronnywang/1398529007-804748129_n.png,3508,2480
114,第1屆臺南市市長擬參選人賴清德政治獻金專戶-支出-099/11/30-099/11/23,023,http://pic.pimg.tw/ronnywang/1398526087-3906917920_n.png,3508,2480
386,第1屆臺南市市長擬參選人賴清德政治獻金專戶-支出-099/11/23-099/11/18,001,http://pic.pimg.tw/ronnywang/1398528767-410720105_n.png,3508,2480
284,第1屆臺南市市長擬參選人賴清德政治獻金專戶-支出-099/11/23-099/11/18,002,http://pic.pimg.tw/ronnywang/1398527799-1953085745_n.png,3508,2480
363,第1屆臺南市市長擬參選人賴清德政治獻金專戶-支出-099/11/23-099/11/18,003,http://pic.pimg.tw/ronnywang/1398528565-3740518782_n.png,3508,2480
476,第1屆臺南市市長擬參選人賴清德政治獻金專戶-支出-099/11/23-099/11/18,004,http://pic.pimg.tw/ronnywang/1398529667-2224656489_n.png,3508,2480
272,第1屆臺南市市長擬參選人賴清德政治獻金專戶-支出-099/11/23-099/11/18,005,http://pic.pimg.tw/ronnywang/1398527694-351622168_n.png,3508,2480
186,第1屆臺南市市長擬參選人賴清德政治獻金專戶-支出-099/11/23-099/11/18,006,http://pic.pimg.tw/ronnywang/1398526830-1388196288_n.png,3508,2480
313,第1屆臺南市市長擬參選人賴清德政治獻金專戶-支出-099/11/23-099/11/18,007,http://pic.pimg.tw/ronnywang/1398528065-885953294_n.png,3508,2480
323,第1屆臺南市市長擬參選人賴清德政治獻金專戶-支出-099/11/23-099/11/18,008,http://pic.pimg.tw/ronnywang/1398528159-1205067441_n.png,3508,2480
222,第1屆臺南市市長擬參選人賴清德政治獻金專戶-支出-099/11/23-099/11/18,009,http://pic.pimg.tw/ronnywang/1398527182-3703316075_n.png,3508,2480
137,第1屆臺南市市長擬參選人賴清德政治獻金專戶-支出-099/11/23-099/11/18,010,http://pic.pimg.tw/ronnywang/1398526322-4016020714_n.png?v=1398526329,3508,2480
356,第1屆臺南市市長擬參選人賴清德政治獻金專戶-支出-099/11/23-099/11/18,011,http://pic.pimg.tw/ronnywang/1398528509-860640322_n.png,3508,2480
398,第1屆臺南市市長擬參選人賴清德政治獻金專戶-支出-099/11/23-099/11/18,012,http://pic.pimg.tw/ronnywang/1398528897-3948641821_n.png?v=1398528909,3508,2480
364,第1屆臺南市市長擬參選人賴清德政治獻金專戶-支出-099/11/23-099/11/18,013,http://pic.pimg.tw/ronnywang/1398528573-2968956011_n.png,3508,2480
092,第1屆臺南市市長擬參選人賴清德政治獻金專戶-支出-099/11/23-099/11/18,014,http://pic.pimg.tw/ronnywang/1398525844-1040416965_n.png?v=1398525853,3508,2480
419,第1屆臺南市市長擬參選人賴清德政治獻金專戶-支出-099/11/23-099/11/18,015,http://pic.pimg.tw/ronnywang/1398529099-1372817247_n.png,3508,2480
269,第1屆臺南市市長擬參選人賴清德政治獻金專戶-支出-099/11/23-099/11/18,016,http://pic.pimg.tw/ronnywang/1398527666-1146113945_n.png,3508,2480
287,第1屆臺南市市長擬參選人賴清德政治獻金專戶-支出-099/11/23-099/11/18,017,http://pic.pimg.tw/ronnywang/1398527829-2695538446_n.png,3508,2480
249,第1屆臺南市市長擬參選人賴清德政治獻金專戶-支出-099/11/23-099/11/18,018,http://pic.pimg.tw/ronnywang/1398527460-2232186088_n.png,3508,2480
378,第1屆臺南市市長擬參選人賴清德政治獻金專戶-支出-099/11/23-099/11/18,019,http://pic.pimg.tw/ronnywang/1398528692-3627862852_n.png,3508,2480
455,第1屆臺南市市長擬參選人賴清德政治獻金專戶-支出-099/11/23-099/11/18,020,http://pic.pimg.tw/ronnywang/1398529463-3293998952_n.png,3508,2480
080,第1屆臺南市市長擬參選人賴清德政治獻金專戶-支出-099/11/23-099/11/18,021,http://pic.pimg.tw/ronnywang/1398525738-4232826132_n.png,3508,2480
099,第1屆臺南市市長擬參選人賴清德政治獻金專戶-支出-099/11/23-099/11/18,022,http://pic.pimg.tw/ronnywang/1398525929-1418801876_n.png,3508,2480
106,第1屆臺南市市長擬參選人賴清德政治獻金專戶-支出-099/11/23-099/11/18,023,http://pic.pimg.tw/ronnywang/1398525997-3024702666_n.png,3508,2480
069,第1屆臺南市市長擬參選人賴清德政治獻金專戶-支出-099/11/23-099/11/18,024,http://pic.pimg.tw/ronnywang/1398525615-3580059874_n.png,3508,2480
402,第1屆臺南市市長擬參選人賴清德政治獻金專戶-支出-099/11/17-099/11/11,001,http://pic.pimg.tw/ronnywang/1398528936-3499119965_n.png,3508,2480
225,第1屆臺南市市長擬參選人賴清德政治獻金專戶-支出-099/11/17-099/11/11,002,http://pic.pimg.tw/ronnywang/1398527209-3891948067_n.png,3508,2480
105,第1屆臺南市市長擬參選人賴清德政治獻金專戶-支出-099/11/17-099/11/11,003,http://pic.pimg.tw/ronnywang/1398525986-775717744_n.png?v=1398525995,3508,2480
264,第1屆臺南市市長擬參選人賴清德政治獻金專戶-支出-099/11/17-099/11/11,004,http://pic.pimg.tw/ronnywang/1398527614-2439032218_n.png,3508,2480
257,第1屆臺南市市長擬參選人賴清德政治獻金專戶-支出-099/11/17-099/11/11,005,http://pic.pimg.tw/ronnywang/1398527547-1121045841_n.png?v=1398527555,3508,2480
294,第1屆臺南市市長擬參選人賴清德政治獻金專戶-支出-099/11/17-099/11/11,006,http://pic.pimg.tw/ronnywang/1398527887-2359948058_n.png,3508,2480
248,第1屆臺南市市長擬參選人賴清德政治獻金專戶-支出-099/11/17-099/11/11,007,http://pic.pimg.tw/ronnywang/1398527446-321621158_n.png,3508,2480
353,第1屆臺南市市長擬參選人賴清德政治獻金專戶-支出-099/11/17-099/11/11,008,http://pic.pimg.tw/ronnywang/1398528481-854377610_n.png,3508,2480
444,第1屆臺南市市長擬參選人賴清德政治獻金專戶-支出-099/11/17-099/11/11,009,http://pic.pimg.tw/ronnywang/1398529350-2575658550_n.png,3508,2480
090,第1屆臺南市市長擬參選人賴清德政治獻金專戶-支出-099/11/17-099/11/11,010,http://pic.pimg.tw/ronnywang/1398525827-1403116827_n.png?v=1398525835,3508,2480
244,第1屆臺南市市長擬參選人賴清德政治獻金專戶-支出-099/11/17-099/11/11,011,http://pic.pimg.tw/ronnywang/1398527395-3607548985_n.png,3508,2480
216,第1屆臺南市市長擬參選人賴清德政治獻金專戶-支出-099/11/17-099/11/11,012,http://pic.pimg.tw/ronnywang/1398527119-1542502198_n.png?v=1398527131,3508,2480
458,第1屆臺南市市長擬參選人賴清德政治獻金專戶-支出-099/11/17-099/11/11,013,http://pic.pimg.tw/ronnywang/1398529491-2260032211_n.png,3508,2480
468,第1屆臺南市市長擬參選人賴清德政治獻金專戶-支出-099/11/17-099/11/11,014,http://pic.pimg.tw/ronnywang/1398529740-159501195.png?v=1398529750,3508,2480
095,第1屆臺南市市長擬參選人賴清德政治獻金專戶-支出-099/11/17-099/11/11,015,http://pic.pimg.tw/ronnywang/1398525876-2228559136_n.png,3508,2480
422,第1屆臺南市市長擬參選人賴清德政治獻金專戶-支出-099/11/17-099/11/11,016,http://pic.pimg.tw/ronnywang/1398529136-2320872550_n.png,3508,2480
142,第1屆臺南市市長擬參選人賴清德政治獻金專戶-支出-099/11/17-099/11/11,017,http://pic.pimg.tw/ronnywang/1398526362-484161805_n.png,3508,2480
299,第1屆臺南市市長擬參選人賴清德政治獻金專戶-支出-099/11/17-099/11/11,018,http://pic.pimg.tw/ronnywang/1398527934-163165239_n.png?v=1398527943,3508,2480
139,第1屆臺南市市長擬參選人賴清德政治獻金專戶-支出-099/11/17-099/11/11,019,http://pic.pimg.tw/ronnywang/1398526335-1045092308_n.png,3508,2480
362,第1屆臺南市市長擬參選人賴清德政治獻金專戶-支出-099/11/17-099/11/11,020,http://pic.pimg.tw/ronnywang/1398528558-3651644188_n.png,3508,2480
355,第1屆臺南市市長擬參選人賴清德政治獻金專戶-支出-099/11/17-099/11/11,021,http://pic.pimg.tw/ronnywang/1398528499-1481263271_n.png,3508,2480
394,第1屆臺南市市長擬參選人賴清德政治獻金專戶-支出-099/11/17-099/11/11,022,http://pic.pimg.tw/ronnywang/1398528846-2488224492_n.png,3508,2480
442,第1屆臺南市市長擬參選人賴清德政治獻金專戶-支出-099/11/17-099/11/11,023,http://pic.pimg.tw/ronnywang/1398529331-2257599639_n.png,3508,2480
435,第1屆臺南市市長擬參選人賴清德政治獻金專戶-支出-099/11/17-099/11/11,024,http://pic.pimg.tw/ronnywang/1398529268-810945549_n.png,3508,2480
474,第1屆臺南市市長擬參選人賴清德政治獻金專戶-支出-099/11/11-099/11/04,001,http://pic.pimg.tw/ronnywang/1398529645-3059825976_n.png,3508,2480
282,第1屆臺南市市長擬參選人賴清德政治獻金專戶-支出-099/11/11-099/11/04,002,http://pic.pimg.tw/ronnywang/1398527782-2619672684_n.png,3508,2480
101,第1屆臺南市市長擬參選人賴清德政治獻金專戶-支出-099/11/11-099/11/04,003,http://pic.pimg.tw/ronnywang/1398525951-3617729825_n.png,3508,2480
417,第1屆臺南市市長擬參選人賴清德政治獻金專戶-支出-099/11/11-099/11/04,004,http://pic.pimg.tw/ronnywang/1398529072-3556654694_n.png,3508,2480
267,第1屆臺南市市長擬參選人賴清德政治獻金專戶-支出-099/11/11-099/11/04,005,http://pic.pimg.tw/ronnywang/1398527648-107681553_n.png,3508,2480
337,第1屆臺南市市長擬參選人賴清德政治獻金專戶-支出-099/11/11-099/11/04,006,http://pic.pimg.tw/ronnywang/1398528333-4044924046_n.png,3508,2480
118,第1屆臺南市市長擬參選人賴清德政治獻金專戶-支出-099/11/11-099/11/04,007,http://pic.pimg.tw/ronnywang/1398526127-3443145360_n.png?v=1398526137,3508,2480
271,第1屆臺南市市長擬參選人賴清德政治獻金專戶-支出-099/11/11-099/11/04,008,http://pic.pimg.tw/ronnywang/1398527684-2387154980_n.png,3508,2480
210,第1屆臺南市市長擬參選人賴清德政治獻金專戶-支出-099/11/11-099/11/04,009,http://pic.pimg.tw/ronnywang/1398527062-3001767151_n.png,3508,2480
304,第1屆臺南市市長擬參選人賴清德政治獻金專戶-支出-099/11/11-099/11/04,010,http://pic.pimg.tw/ronnywang/1398527982-3957873736_n.png,3508,2480
086,第1屆臺南市市長擬參選人賴清德政治獻金專戶-支出-099/11/11-099/11/04,011,http://pic.pimg.tw/ronnywang/1398525797-4038828341_n.png,3508,2480
341,第1屆臺南市市長擬參選人賴清德政治獻金專戶-支出-099/11/11-099/11/04,012,http://pic.pimg.tw/ronnywang/1398528374-726368172_n.png,3508,2480
211,第1屆臺南市市長擬參選人賴清德政治獻金專戶-支出-099/11/11-099/11/04,013,http://pic.pimg.tw/ronnywang/1398527070-2607261734_n.png,3508,2480
327,第1屆臺南市市長擬參選人賴清德政治獻金專戶-支出-099/11/11-099/11/04,014,http://pic.pimg.tw/ronnywang/1398528216-2435158873_n.png,3508,2480
373,第1屆臺南市市長擬參選人賴清德政治獻金專戶-支出-099/11/11-099/11/04,015,http://pic.pimg.tw/ronnywang/1398528649-3284826214_n.png?v=1398528656,3508,2480
197,第1屆臺南市市長擬參選人賴清德政治獻金專戶-支出-099/11/11-099/11/04,016,http://pic.pimg.tw/ronnywang/1398526935-4078319163_n.png,3508,2480
301,第1屆臺南市市長擬參選人賴清德政治獻金專戶-支出-099/11/11-099/11/04,017,http://pic.pimg.tw/ronnywang/1398527953-259677492_n.png,3508,2480
102,第1屆臺南市市長擬參選人賴清德政治獻金專戶-支出-099/11/11-099/11/04,018,http://pic.pimg.tw/ronnywang/1398525960-3676182549_n.png,3508,2480
469,第1屆臺南市市長擬參選人賴清德政治獻金專戶-支出-099/11/11-099/11/04,019,http://pic.pimg.tw/ronnywang/1398529592-2112120115_n.png,3508,2480
097,第1屆臺南市市長擬參選人賴清德政治獻金專戶-支出-099/11/11-099/11/04,020,http://pic.pimg.tw/ronnywang/1398525899-2133039903_n.png,3508,2480
131,第1屆臺南市市長擬參選人賴清德政治獻金專戶-支出-099/11/11-099/11/04,021,http://pic.pimg.tw/ronnywang/1398526258-3302593008_n.png,3508,2480
451,第1屆臺南市市長擬參選人賴清德政治獻金專戶-支出-099/11/11-099/11/04,022,http://pic.pimg.tw/ronnywang/1398529425-3499263244_n.png,3508,2480
258,第1屆臺南市市長擬參選人賴清德政治獻金專戶-支出-099/11/11-099/11/04,023,http://pic.pimg.tw/ronnywang/1398527555-1702429932_n.png?v=1398527564,3508,2480
339,第1屆臺南市市長擬參選人賴清德政治獻金專戶-支出-099/11/11-099/11/04,024,http://pic.pimg.tw/ronnywang/1398528357-2481969741_n.png,3508,2480
273,第1屆臺南市市長擬參選人賴清德政治獻金專戶-支出-099/11/11-099/11/04,025,http://pic.pimg.tw/ronnywang/1398527700-1817309113_n.png,3508,2480
150,第1屆臺南市市長擬參選人賴清德政治獻金專戶-支出-099/11/04-099/10/29,001,http://pic.pimg.tw/ronnywang/1398526446-59872135_n.png?v=1398526454,3508,2480
395,第1屆臺南市市長擬參選人賴清德政治獻金專戶-支出-099/11/04-099/10/29,002,http://pic.pimg.tw/ronnywang/1398528856-105493494_n.png,3508,2480
436,第1屆臺南市市長擬參選人賴清德政治獻金專戶-支出-099/11/04-099/10/29,003,http://pic.pimg.tw/ronnywang/1398529276-3675405320_n.png,3508,2480
312,第1屆臺南市市長擬參選人賴清德政治獻金專戶-支出-099/11/04-099/10/29,004,http://pic.pimg.tw/ronnywang/1398528053-2351655454_n.png?v=1398528062,3508,2480
370,第1屆臺南市市長擬參選人賴清德政治獻金專戶-支出-099/11/04-099/10/29,005,http://pic.pimg.tw/ronnywang/1398528623-1263837470_n.png,3508,2480
245,第1屆臺南市市長擬參選人賴清德政治獻金專戶-支出-099/11/04-099/10/29,006,http://pic.pimg.tw/ronnywang/1398527409-3370494082_n.png?v=1398527423,3508,2480
344,第1屆臺南市市長擬參選人賴清德政治獻金專戶-支出-099/11/04-099/10/29,007,http://pic.pimg.tw/ronnywang/1398528396-3906148153_n.png,3508,2480
236,第1屆臺南市市長擬參選人賴清德政治獻金專戶-支出-099/11/04-099/10/29,008,http://pic.pimg.tw/ronnywang/1398527319-2524838063_n.png?v=1398527328,3508,2480
198,第1屆臺南市市長擬參選人賴清德政治獻金專戶-支出-099/11/04-099/10/29,009,http://pic.pimg.tw/ronnywang/1398526942-1673144514_n.png,3508,2480
177,第1屆臺南市市長擬參選人賴清德政治獻金專戶-支出-099/11/04-099/10/29,010,http://pic.pimg.tw/ronnywang/1398526743-3832478420_n.png?v=1398526751,3508,2480
153,第1屆臺南市市長擬參選人賴清德政治獻金專戶-支出-099/11/04-099/10/29,011,http://pic.pimg.tw/ronnywang/1398526472-895177969_n.png?v=1398526482,3508,2480
179,第1屆臺南市市長擬參選人賴清德政治獻金專戶-支出-099/11/04-099/10/29,012,http://pic.pimg.tw/ronnywang/1398526766-1101603358_n.png,3508,2480
100,第1屆臺南市市長擬參選人賴清德政治獻金專戶-支出-099/11/04-099/10/29,013,http://pic.pimg.tw/ronnywang/1398525938-315762747_n.png?v=1398525949,3508,2480
317,第1屆臺南市市長擬參選人賴清德政治獻金專戶-支出-099/11/04-099/10/29,014,http://pic.pimg.tw/ronnywang/1398528101-1170371286_n.png,3508,2480
217,第1屆臺南市市長擬參選人賴清德政治獻金專戶-支出-099/11/04-099/10/29,015,http://pic.pimg.tw/ronnywang/1398527132-347242768_n.png,3508,2480
350,第1屆臺南市市長擬參選人賴清德政治獻金專戶-支出-099/11/04-099/10/29,016,http://pic.pimg.tw/ronnywang/1398528457-2201545928_n.png?v=1398528465,3508,2480
354,第1屆臺南市市長擬參選人賴清德政治獻金專戶-支出-099/11/04-099/10/29,017,http://pic.pimg.tw/ronnywang/1398528493-4277843333_n.png,3508,2480
449,第1屆臺南市市長擬參選人賴清德政治獻金專戶-支出-099/11/04-099/10/29,018,http://pic.pimg.tw/ronnywang/1398529404-952554679_n.png,3508,2480
261,第1屆臺南市市長擬參選人賴清德政治獻金專戶-支出-099/11/04-099/10/29,019,http://pic.pimg.tw/ronnywang/1398527585-1928833435_n.png,3508,2480
070,第1屆臺南市市長擬參選人賴清德政治獻金專戶-支出-099/11/04-099/10/29,020,http://pic.pimg.tw/ronnywang/1398525628-2529032762_n.png,3508,2480
369,第1屆臺南市市長擬參選人賴清德政治獻金專戶-支出-099/11/04-099/10/29,021,http://pic.pimg.tw/ronnywang/1398528615-2837039375_n.png,3508,2480
403,第1屆臺南市市長擬參選人賴清德政治獻金專戶-支出-099/11/04-099/10/29,022,http://pic.pimg.tw/ronnywang/1398528941-180081253_n.png,3508,2480
328,第1屆臺南市市長擬參選人賴清德政治獻金專戶-支出-099/11/04-099/10/29,023,http://pic.pimg.tw/ronnywang/1398528226-116912960_n.png?v=1398528236,3508,2480
200,第1屆臺南市市長擬參選人賴清德政治獻金專戶-支出-099/11/04-099/10/29,024,http://pic.pimg.tw/ronnywang/1398526965-3736221579_n.png?v=1398526973,3508,2480
242,第1屆臺南市市長擬參選人賴清德政治獻金專戶-支出-099/10/29-099/10/18,001,http://pic.pimg.tw/ronnywang/1398527373-2400306605_n.png,3508,2480
145,第1屆臺南市市長擬參選人賴清德政治獻金專戶-支出-099/10/29-099/10/18,002,http://pic.pimg.tw/ronnywang/1398526393-2409516736_n.png,3508,2480
421,第1屆臺南市市長擬參選人賴清德政治獻金專戶-支出-099/10/29-099/10/18,003,http://pic.pimg.tw/ronnywang/1398529113-650737948_n.png?v=1398529126,3508,2480
165,第1屆臺南市市長擬參選人賴清德政治獻金專戶-支出-099/10/29-099/10/18,004,http://pic.pimg.tw/ronnywang/1398526610-1044202470_n.png,3508,2480
285,第1屆臺南市市長擬參選人賴清德政治獻金專戶-支出-099/10/29-099/10/18,005,http://pic.pimg.tw/ronnywang/1398527808-627417006_n.png,3508,2480
161,第1屆臺南市市長擬參選人賴清德政治獻金專戶-支出-099/10/29-099/10/18,006,http://pic.pimg.tw/ronnywang/1398526568-3803608121_n.png,3508,2480
218,第1屆臺南市市長擬參選人賴清德政治獻金專戶-支出-099/10/29-099/10/18,007,http://pic.pimg.tw/ronnywang/1398527141-2282384808_n.png,3508,2480
202,第1屆臺南市市長擬參選人賴清德政治獻金專戶-支出-099/10/29-099/10/18,008,http://pic.pimg.tw/ronnywang/1398526984-2181327119_n.png?v=1398526993,3508,2480
352,第1屆臺南市市長擬參選人賴清德政治獻金專戶-支出-099/10/29-099/10/18,009,http://pic.pimg.tw/ronnywang/1398528475-1937601113_n.png,3508,2480
135,第1屆臺南市市長擬參選人賴清德政治獻金專戶-支出-099/10/29-099/10/18,010,http://pic.pimg.tw/ronnywang/1398526304-4259932756_n.png,3508,2480
140,第1屆臺南市市長擬參選人賴清德政治獻金專戶-支出-099/10/29-099/10/18,011,http://pic.pimg.tw/ronnywang/1398526344-2093068609_n.png?v=1398526352,3508,2480
377,第1屆臺南市市長擬參選人賴清德政治獻金專戶-支出-099/10/29-099/10/18,012,http://pic.pimg.tw/ronnywang/1398528684-1987962820_n.png?v=1398528693,3508,2480
424,第1屆臺南市市長擬參選人賴清德政治獻金專戶-支出-099/10/29-099/10/18,013,http://pic.pimg.tw/ronnywang/1398529154-1984981125_n.png,3508,2480
073,第1屆臺南市市長擬參選人賴清德政治獻金專戶-支出-099/10/29-099/10/18,014,http://pic.pimg.tw/ronnywang/1398525659-730316907_n.png,3508,2480
098,第1屆臺南市市長擬參選人賴清德政治獻金專戶-支出-099/10/29-099/10/18,015,http://pic.pimg.tw/ronnywang/1398525917-1860558969_n.png,3508,2480
311,第1屆臺南市市長擬參選人賴清德政治獻金專戶-支出-099/10/29-099/10/18,016,http://pic.pimg.tw/ronnywang/1398528044-1741722735_n.png,3508,2480
407,第1屆臺南市市長擬參選人賴清德政治獻金專戶-支出-099/10/29-099/10/18,017,http://pic.pimg.tw/ronnywang/1398528976-3214745218_n.png,3508,2480
112,第1屆臺南市市長擬參選人賴清德政治獻金專戶-支出-099/10/29-099/10/18,018,http://pic.pimg.tw/ronnywang/1398526066-3032523027_n.png?v=1398526076,3508,2480
427,第1屆臺南市市長擬參選人賴清德政治獻金專戶-支出-099/10/29-099/10/18,019,http://pic.pimg.tw/ronnywang/1398529181-4054880717_n.png,3508,2480
340,第1屆臺南市市長擬參選人賴清德政治獻金專戶-支出-099/10/29-099/10/18,020,http://pic.pimg.tw/ronnywang/1398528368-4256087199_n.png?v=1398528376,3508,2480
401,第1屆臺南市市長擬參選人賴清德政治獻金專戶-支出-099/10/29-099/10/18,021,http://pic.pimg.tw/ronnywang/1398528925-1282035700_n.png,3508,2480
331,第1屆臺南市市長擬參選人賴清德政治獻金專戶-支出-099/10/29-099/10/18,022,http://pic.pimg.tw/ronnywang/1398528268-1148383290_n.png?v=1398528279,3508,2480
240,第1屆臺南市市長擬參選人賴清德政治獻金專戶-支出-099/10/29-099/10/18,023,http://pic.pimg.tw/ronnywang/1398527355-539066954_n.png,3508,2480
214,第1屆臺南市市長擬參選人賴清德政治獻金專戶-支出-099/10/29-099/10/18,024,http://pic.pimg.tw/ronnywang/1398527100-723775303_n.png,3508,2480
201,第1屆臺南市市長擬參選人賴清德政治獻金專戶-支出-099/10/29-099/10/18,025,http://pic.pimg.tw/ronnywang/1398526974-295428758_n.png,3508,2480
071,第1屆臺南市市長擬參選人賴清德政治獻金專戶-支出-099/10/18-099/10/05,001,http://pic.pimg.tw/ronnywang/1398525638-3723884362_n.png,3508,2480
431,第1屆臺南市市長擬參選人賴清德政治獻金專戶-支出-099/10/18-099/10/05,002,http://pic.pimg.tw/ronnywang/1398529222-4168853965_n.png,3508,2480
322,第1屆臺南市市長擬參選人賴清德政治獻金專戶-支出-099/10/18-099/10/05,003,http://pic.pimg.tw/ronnywang/1398528149-1587548455_n.png,3508,2480
144,第1屆臺南市市長擬參選人賴清德政治獻金專戶-支出-099/10/18-099/10/05,004,http://pic.pimg.tw/ronnywang/1398526380-759369941_n.png,3508,2480
384,第1屆臺南市市長擬參選人賴清德政治獻金專戶-支出-099/10/18-099/10/05,005,http://pic.pimg.tw/ronnywang/1398528752-873237967_n.png,3508,2480
212,第1屆臺南市市長擬參選人賴清德政治獻金專戶-支出-099/10/18-099/10/05,006,http://pic.pimg.tw/ronnywang/1398527079-3278515204_n.png,3508,2480
381,第1屆臺南市市長擬參選人賴清德政治獻金專戶-支出-099/10/18-099/10/05,007,http://pic.pimg.tw/ronnywang/1398528723-3693871498_n.png,3508,2480
447,第1屆臺南市市長擬參選人賴清德政治獻金專戶-支出-099/10/18-099/10/05,008,http://pic.pimg.tw/ronnywang/1398529385-1847023710_n.png,3508,2480
126,第1屆臺南市市長擬參選人賴清德政治獻金專戶-支出-099/10/18-099/10/05,009,http://pic.pimg.tw/ronnywang/1398526209-473634953_n.png,3508,2480
237,第1屆臺南市市長擬參選人賴清德政治獻金專戶-支出-099/10/18-099/10/05,010,http://pic.pimg.tw/ronnywang/1398527327-2351767842_n.png,3508,2480
396,第1屆臺南市市長擬參選人賴清德政治獻金專戶-支出-099/10/18-099/10/05,011,http://pic.pimg.tw/ronnywang/1398528872-86219896_n.png?v=1398528884,3508,2480
074,第1屆臺南市市長擬參選人賴清德政治獻金專戶-支出-099/10/18-099/10/05,012,http://pic.pimg.tw/ronnywang/1398525678-568906393_n.png,3508,2480
291,第1屆臺南市市長擬參選人賴清德政治獻金專戶-支出-099/10/18-099/10/05,013,http://pic.pimg.tw/ronnywang/1398527863-312867094_n.png,3508,2480
392,第1屆臺南市市長擬參選人賴清德政治獻金專戶-支出-099/10/18-099/10/05,014,http://pic.pimg.tw/ronnywang/1398528825-1120121929_n.png,3508,2480
089,第1屆臺南市市長擬參選人賴清德政治獻金專戶-支出-099/10/18-099/10/05,015,http://pic.pimg.tw/ronnywang/1398525820-1324416975_n.png,3508,2480
475,第1屆臺南市市長擬參選人賴清德政治獻金專戶-支出-099/10/18-099/10/05,016,http://pic.pimg.tw/ronnywang/1398529654-3391603319_n.png,3508,2480
307,第1屆臺南市市長擬參選人賴清德政治獻金專戶-支出-099/10/18-099/10/05,017,http://pic.pimg.tw/ronnywang/1398528008-3259347576_n.png?v=1398528016,3508,2480
404,第1屆臺南市市長擬參選人賴清德政治獻金專戶-支出-099/10/18-099/10/05,018,http://pic.pimg.tw/ronnywang/1398528952-474503188_n.png,3508,2480
175,第1屆臺南市市長擬參選人賴清德政治獻金專戶-支出-099/10/18-099/10/05,019,http://pic.pimg.tw/ronnywang/1398526724-286619827_n.png,3508,2480
088,第1屆臺南市市長擬參選人賴清德政治獻金專戶-支出-099/10/18-099/10/05,020,http://pic.pimg.tw/ronnywang/1398525812-2556697388_n.png,3508,2480
372,第1屆臺南市市長擬參選人賴清德政治獻金專戶-支出-099/10/18-099/10/05,021,http://pic.pimg.tw/ronnywang/1398528641-3672183995_n.png,3508,2480
241,第1屆臺南市市長擬參選人賴清德政治獻金專戶-支出-099/10/18-099/10/05,022,http://pic.pimg.tw/ronnywang/1398527363-155838050_n.png?v=1398527372,3508,2480
219,第1屆臺南市市長擬參選人賴清德政治獻金專戶-支出-099/10/18-099/10/05,023,http://pic.pimg.tw/ronnywang/1398527150-1456518618_n.png?v=1398527158,3508,2480
376,第1屆臺南市市長擬參選人賴清德政治獻金專戶-支出-099/10/18-099/10/05,024,http://pic.pimg.tw/ronnywang/1398528674-109041201_n.png,3508,2480
155,第1屆臺南市市長擬參選人賴清德政治獻金專戶-支出-099/10/18-099/10/05,025,http://pic.pimg.tw/ronnywang/1398526501-905199227_n.png,3508,2480
125,第1屆臺南市市長擬參選人賴清德政治獻金專戶-支出-099/10/05-099/09/12,001,http://pic.pimg.tw/ronnywang/1398526203-4283945648_n.png?v=1398526211,3508,2480
399,第1屆臺南市市長擬參選人賴清德政治獻金專戶-支出-099/10/05-099/09/12,002,http://pic.pimg.tw/ronnywang/1398528906-2332838208_n.png,3508,2480
124,第1屆臺南市市長擬參選人賴清德政治獻金專戶-支出-099/10/05-099/09/12,003,http://pic.pimg.tw/ronnywang/1398526191-495893494_n.png,3508,2480
265,第1屆臺南市市長擬參選人賴清德政治獻金專戶-支出-099/10/05-099/09/12,004,http://pic.pimg.tw/ronnywang/1398527625-944521397_n.png,3508,2480
154,第1屆臺南市市長擬參選人賴清德政治獻金專戶-支出-099/10/05-099/09/12,005,http://pic.pimg.tw/ronnywang/1398526484-1414934629_n.png,3508,2480
473,第1屆臺南市市長擬參選人賴清德政治獻金專戶-支出-099/10/05-099/09/12,006,http://pic.pimg.tw/ronnywang/1398529639-1617798417_n.png?v=1398529647,3508,2480
295,第1屆臺南市市長擬參選人賴清德政治獻金專戶-支出-099/10/05-099/09/12,007,http://pic.pimg.tw/ronnywang/1398527893-3188556428_n.png,3508,2480
188,第1屆臺南市市長擬參選人賴清德政治獻金專戶-支出-099/10/05-099/09/12,008,http://pic.pimg.tw/ronnywang/1398526852-3155784984_n.png?v=1398526864,3508,2480
457,第1屆臺南市市長擬參選人賴清德政治獻金專戶-支出-099/10/05-099/09/12,009,http://pic.pimg.tw/ronnywang/1398529481-2315579342_n.png?v=1398529490,3508,2480
318,第1屆臺南市市長擬參選人賴清德政治獻金專戶-支出-099/10/05-099/09/12,010,http://pic.pimg.tw/ronnywang/1398528111-48482955_n.png,3508,2480
385,第1屆臺南市市長擬參選人賴清德政治獻金專戶-支出-099/10/05-099/09/12,011,http://pic.pimg.tw/ronnywang/1398528760-3800655567_n.png?v=1398528767,3508,2480
164,第1屆臺南市市長擬參選人賴清德政治獻金專戶-支出-099/10/05-099/09/12,012,http://pic.pimg.tw/ronnywang/1398526598-1982192088_n.png?v=1398526610,3508,2480
388,第1屆臺南市市長擬參選人賴清德政治獻金專戶-支出-099/10/05-099/09/12,013,http://pic.pimg.tw/ronnywang/1398528783-3783920203_n.png,3508,2480
170,第1屆臺南市市長擬參選人賴清德政治獻金專戶-支出-099/10/05-099/09/12,014,http://pic.pimg.tw/ronnywang/1398526661-3371945179_n.png?v=1398526670,3508,2480
283,第1屆臺南市市長擬參選人賴清德政治獻金專戶-支出-099/10/05-099/09/12,015,http://pic.pimg.tw/ronnywang/1398527788-1528978270_n.png?v=1398527799,3508,2480
149,第1屆臺南市市長擬參選人賴清德政治獻金專戶-支出-099/10/05-099/09/12,016,http://pic.pimg.tw/ronnywang/1398526430-2228528454_n.png,3508,2480
180,第1屆臺南市市長擬參選人賴清德政治獻金專戶-支出-099/10/05-099/09/12,017,http://pic.pimg.tw/ronnywang/1398526775-962540451_n.png,3508,2480
096,第1屆臺南市市長擬參選人賴清德政治獻金專戶-支出-099/10/05-099/09/12,018,http://pic.pimg.tw/ronnywang/1398525886-588739581_n.png,3508,2480
406,第1屆臺南市市長擬參選人賴清德政治獻金專戶-支出-099/10/05-099/09/12,019,http://pic.pimg.tw/ronnywang/1398528970-2872519780_n.png,3508,2480
468,第1屆臺南市市長擬參選人賴清德政治獻金專戶-支出-099/10/05-099/09/12,020,http://pic.pimg.tw/ronnywang/1398529693-4072298215.png,3508,2480
194,第1屆臺南市市長擬參選人賴清德政治獻金專戶-支出-099/10/05-099/09/12,021,http://pic.pimg.tw/ronnywang/1398526908-3216214861_n.png,3508,2480
116,第1屆臺南市市長擬參選人賴清德政治獻金專戶-支出-099/10/05-099/09/12,022,http://pic.pimg.tw/ronnywang/1398526108-1861883930_n.png?v=1398526118,3508,2480
138,第1屆臺南市市長擬參選人賴清德政治獻金專戶-支出-099/10/05-099/09/12,023,http://pic.pimg.tw/ronnywang/1398526326-471060560_n.png,3508,2480
453,第1屆臺南市市長擬參選人賴清德政治獻金專戶-支出-099/10/05-099/09/12,024,http://pic.pimg.tw/ronnywang/1398529443-2374056785_n.png?v=1398529455,3508,2480
235,第1屆臺南市市長擬參選人賴清德政治獻金專戶-支出-099/10/05-099/09/12,025,http://pic.pimg.tw/ronnywang/1398527310-2612563085_n.png,3508,2480
220,第1屆臺南市市長擬參選人賴清德政治獻金專戶-支出-099/09/12-099/08/07,001,http://pic.pimg.tw/ronnywang/1398527158-4155410748_n.png,3508,2480
464,第1屆臺南市市長擬參選人賴清德政治獻金專戶-支出-099/09/12-099/08/07,002,http://pic.pimg.tw/ronnywang/1398529542-2637165031_n.png?v=1398529549,3508,2480
221,第1屆臺南市市長擬參選人賴清德政治獻金專戶-支出-099/09/12-099/08/07,003,http://pic.pimg.tw/ronnywang/1398527170-2909429319_n.png?v=1398527181,3508,2480
400,第1屆臺南市市長擬參選人賴清德政治獻金專戶-支出-099/09/12-099/08/07,004,http://pic.pimg.tw/ronnywang/1398528918-3329560612_n.png,3508,2480
190,第1屆臺南市市長擬參選人賴清德政治獻金專戶-支出-099/09/12-099/08/07,005,http://pic.pimg.tw/ronnywang/1398526870-1260756190_n.png?v=1398526880,3508,2480
224,第1屆臺南市市長擬參選人賴清德政治獻金專戶-支出-099/09/12-099/08/07,006,http://pic.pimg.tw/ronnywang/1398527201-3333111235_n.png,3508,2480
461,第1屆臺南市市長擬參選人賴清德政治獻金專戶-支出-099/09/12-099/08/07,007,http://pic.pimg.tw/ronnywang/1398529515-1180562923_n.png,3508,2480
415,第1屆臺南市市長擬參選人賴清德政治獻金專戶-支出-099/09/12-099/08/07,008,http://pic.pimg.tw/ronnywang/1398529053-110264487_n.png?v=1398529063,3508,2480
122,第1屆臺南市市長擬參選人賴清德政治獻金專戶-支出-099/09/12-099/08/07,009,http://pic.pimg.tw/ronnywang/1398526173-1710989952_n.png,3508,2480
143,第1屆臺南市市長擬參選人賴清德政治獻金專戶-支出-099/09/12-099/08/07,010,http://pic.pimg.tw/ronnywang/1398526372-2722767853_n.png?v=1398526381,3508,2480
134,第1屆臺南市市長擬參選人賴清德政治獻金專戶-支出-099/09/12-099/08/07,011,http://pic.pimg.tw/ronnywang/1398526289-612953037_n.png,3508,2480
127,第1屆臺南市市長擬參選人賴清德政治獻金專戶-支出-099/09/12-099/08/07,012,http://pic.pimg.tw/ronnywang/1398526221-4027998893_n.png,3508,2480
279,第1屆臺南市市長擬參選人賴清德政治獻金專戶-支出-099/09/12-099/08/07,013,http://pic.pimg.tw/ronnywang/1398527752-903310508_n.png,3508,2480
445,第1屆臺南市市長擬參選人賴清德政治獻金專戶-支出-099/09/12-099/08/07,014,http://pic.pimg.tw/ronnywang/1398529360-236645139_n.png?v=1398529373,3508,2480
348,第1屆臺南市市長擬參選人賴清德政治獻金專戶-支出-099/09/12-099/08/07,015,http://pic.pimg.tw/ronnywang/1398528434-938783440_n.png,3508,2480
173,第1屆臺南市市長擬參選人賴清德政治獻金專戶-支出-099/09/12-099/08/07,016,http://pic.pimg.tw/ronnywang/1398526690-1262961139_n.png?v=1398526697,3508,2480
346,第1屆臺南市市長擬參選人賴清德政治獻金專戶-支出-099/09/12-099/08/07,017,http://pic.pimg.tw/ronnywang/1398528415-2802974762_n.png,3508,2480
243,第1屆臺南市市長擬參選人賴清德政治獻金專戶-支出-099/09/12-099/08/07,018,http://pic.pimg.tw/ronnywang/1398527384-846570769_n.png?v=1398527394,3508,2480
111,第1屆臺南市市長擬參選人賴清德政治獻金專戶-支出-099/09/12-099/08/07,019,http://pic.pimg.tw/ronnywang/1398526059-3451743729_n.png,3508,2480
391,第1屆臺南市市長擬參選人賴清德政治獻金專戶-支出-099/09/12-099/08/07,020,http://pic.pimg.tw/ronnywang/1398528815-875765991_n.png,3508,2480
441,第1屆臺南市市長擬參選人賴清德政治獻金專戶-支出-099/09/12-099/08/07,021,http://pic.pimg.tw/ronnywang/1398529323-3279473825_n.png,3508,2480
115,第1屆臺南市市長擬參選人賴清德政治獻金專戶-支出-099/09/12-099/08/07,022,http://pic.pimg.tw/ronnywang/1398526095-40540082_n.png,3508,2480
349,第1屆臺南市市長擬參選人賴清德政治獻金專戶-支出-099/09/12-099/08/07,023,http://pic.pimg.tw/ronnywang/1398528441-3459928679_n.png,3508,2480
263,第1屆臺南市市長擬參選人賴清德政治獻金專戶-支出-099/09/12-099/08/07,024,http://pic.pimg.tw/ronnywang/1398527604-1688144959_n.png,3508,2480
166,第1屆臺南市市長擬參選人賴清德政治獻金專戶-支出-099/09/12-099/08/07,025,http://pic.pimg.tw/ronnywang/1398526620-1777104364_n.png,3508,2480
162,第1屆臺南市市長擬參選人賴清德政治獻金專戶-支出-099/08/07-099/06/23,001,http://pic.pimg.tw/ronnywang/1398526577-1538094863_n.png,3508,2480
292,第1屆臺南市市長擬參選人賴清德政治獻金專戶-支出-099/08/07-099/06/23,002,http://pic.pimg.tw/ronnywang/1398527871-747517965_n.png,3508,2480
459,第1屆臺南市市長擬參選人賴清德政治獻金專戶-支出-099/08/07-099/06/23,003,http://pic.pimg.tw/ronnywang/1398529499-2970280395_n.png,3508,2480
286,第1屆臺南市市長擬參選人賴清德政治獻金專戶-支出-099/08/07-099/06/23,004,http://pic.pimg.tw/ronnywang/1398527818-2068977556_n.png,3508,2480
209,第1屆臺南市市長擬參選人賴清德政治獻金專戶-支出-099/08/07-099/06/23,005,http://pic.pimg.tw/ronnywang/1398527052-3267516219_n.png,3508,2480
191,第1屆臺南市市長擬參選人賴清德政治獻金專戶-支出-099/08/07-099/06/23,006,http://pic.pimg.tw/ronnywang/1398526883-2124393822_n.png?v=1398526892,3508,2480
192,第1屆臺南市市長擬參選人賴清德政治獻金專戶-支出-099/08/07-099/06/23,007,http://pic.pimg.tw/ronnywang/1398526889-3774430268_n.png?v=1398526897,3508,2480
109,第1屆臺南市市長擬參選人賴清德政治獻金專戶-支出-099/08/07-099/06/23,008,http://pic.pimg.tw/ronnywang/1398526035-2839238429_n.png?v=1398526046,3508,2480
342,第1屆臺南市市長擬參選人賴清德政治獻金專戶-支出-099/08/07-099/06/23,009,http://pic.pimg.tw/ronnywang/1398528381-745050409_n.png,3508,2480
290,第1屆臺南市市長擬參選人賴清德政治獻金專戶-支出-099/08/07-099/06/23,010,http://pic.pimg.tw/ronnywang/1398527858-4210045483_n.png,3508,2480
452,第1屆臺南市市長擬參選人賴清德政治獻金專戶-支出-099/08/07-099/06/23,011,http://pic.pimg.tw/ronnywang/1398529435-82666359_n.png,3508,2480
329,第1屆臺南市市長擬參選人賴清德政治獻金專戶-支出-099/08/07-099/06/23,012,http://pic.pimg.tw/ronnywang/1398528238-397650514_n.png,3508,2480
233,第1屆臺南市市長擬參選人賴清德政治獻金專戶-支出-099/08/07-099/06/23,013,http://pic.pimg.tw/ronnywang/1398527293-3927151582_n.png,3508,2480
132,第1屆臺南市市長擬參選人賴清德政治獻金專戶-支出-099/08/07-099/06/23,014,http://pic.pimg.tw/ronnywang/1398526271-1964420469_n.png?v=1398526282,3508,2480
250,第1屆臺南市市長擬參選人賴清德政治獻金專戶-支出-099/08/07-099/06/23,015,http://pic.pimg.tw/ronnywang/1398527466-2218599653_n.png,3508,2480
123,第1屆臺南市市長擬參選人賴清德政治獻金專戶-支出-099/08/07-099/06/23,016,http://pic.pimg.tw/ronnywang/1398526182-2289186459_n.png,3508,2480
195,第1屆臺南市市長擬參選人賴清德政治獻金專戶-支出-099/08/07-099/06/23,017,http://pic.pimg.tw/ronnywang/1398526919-979366771_n.png,3508,2480
130,第1屆臺南市市長擬參選人賴清德政治獻金專戶-支出-099/08/07-099/06/23,018,http://pic.pimg.tw/ronnywang/1398526249-2658109345_n.png,3508,2480
252,第1屆臺南市市長擬參選人賴清德政治獻金專戶-支出-099/08/07-099/06/23,019,http://pic.pimg.tw/ronnywang/1398527487-1625482422_n.png,3508,2480
383,第1屆臺南市市長擬參選人賴清德政治獻金專戶-支出-099/08/07-099/06/23,020,http://pic.pimg.tw/ronnywang/1398528744-4294204890_n.png?v=1398528752,3508,2480
306,第1屆臺南市市長擬參選人賴清德政治獻金專戶-支出-099/08/07-099/06/23,021,http://pic.pimg.tw/ronnywang/1398528000-3481243800_n.png,3508,2480
408,第1屆臺南市市長擬參選人賴清德政治獻金專戶-支出-099/08/07-099/06/23,022,http://pic.pimg.tw/ronnywang/1398528983-3611609577_n.png?v=1398528994,3508,2480
223,第1屆臺南市市長擬參選人賴清德政治獻金專戶-支出-099/08/07-099/06/23,023,http://pic.pimg.tw/ronnywang/1398527189-3118838049_n.png,3508,2480
429,第1屆臺南市市長擬參選人賴清德政治獻金專戶-支出-099/08/07-099/06/23,024,http://pic.pimg.tw/ronnywang/1398529205-424948950_n.png,3508,2480
182,第1屆臺南市市長擬參選人賴清德政治獻金專戶-支出-099/08/07-099/06/23,025,http://pic.pimg.tw/ronnywang/1398526794-26137810_n.png,3508,2480
103,第1屆臺南市市長擬參選人賴清德政治獻金專戶-支出-099/06/23-099/05/11,001,http://pic.pimg.tw/ronnywang/1398525969-2161012872_n.png,3508,2480
238,第1屆臺南市市長擬參選人賴清德政治獻金專戶-支出-099/06/23-099/05/11,002,http://pic.pimg.tw/ronnywang/1398527337-3093795367_n.png,3508,2480
374,第1屆臺南市市長擬參選人賴清德政治獻金專戶-支出-099/06/23-099/05/11,003,http://pic.pimg.tw/ronnywang/1398528660-2461578095_n.png,3508,2480
206,第1屆臺南市市長擬參選人賴清德政治獻金專戶-支出-099/06/23-099/05/11,004,http://pic.pimg.tw/ronnywang/1398527027-463937490_n.png,3508,2480
152,第1屆臺南市市長擬參選人賴清德政治獻金專戶-支出-099/06/23-099/05/11,005,http://pic.pimg.tw/ronnywang/1398526460-1058898814_n.png?v=1398526472,3508,2480
320,第1屆臺南市市長擬參選人賴清德政治獻金專戶-支出-099/06/23-099/05/11,006,http://pic.pimg.tw/ronnywang/1398528131-779764881_n.png,3508,2480
107,第1屆臺南市市長擬參選人賴清德政治獻金專戶-支出-099/06/23-099/05/11,007,http://pic.pimg.tw/ronnywang/1398526009-3123610245_n.png?v=1398526018,3508,2480
079,第1屆臺南市市長擬參選人賴清德政治獻金專戶-支出-099/06/23-099/05/11,008,http://pic.pimg.tw/ronnywang/1398525729-2438023932_n.png?v=1398525738,3508,2480
334,第1屆臺南市市長擬參選人賴清德政治獻金專戶-支出-099/06/23-099/05/11,009,http://pic.pimg.tw/ronnywang/1398528304-399805958_n.png?v=1398528314,3508,2480
428,第1屆臺南市市長擬參選人賴清德政治獻金專戶-支出-099/06/23-099/05/11,010,http://pic.pimg.tw/ronnywang/1398529190-1349809803_n.png,3508,2480
084,第1屆臺南市市長擬參選人賴清德政治獻金專戶-支出-099/06/23-099/05/11,011,http://pic.pimg.tw/ronnywang/1398525778-1527794577_n.png?v=1398525786,3508,2480
270,第1屆臺南市市長擬參選人賴清德政治獻金專戶-支出-099/06/23-099/05/11,012,http://pic.pimg.tw/ronnywang/1398527676-1834164092_n.png,3508,2480
426,第1屆臺南市市長擬參選人賴清德政治獻金專戶-支出-099/06/23-099/05/11,013,http://pic.pimg.tw/ronnywang/1398529172-2746653008_n.png,3508,2480
247,第1屆臺南市市長擬參選人賴清德政治獻金專戶-支出-099/06/23-099/05/11,014,http://pic.pimg.tw/ronnywang/1398527434-491700852_n.png,3508,2480
208,第1屆臺南市市長擬參選人賴清德政治獻金專戶-支出-099/06/23-099/05/11,015,http://pic.pimg.tw/ronnywang/1398527044-1012709885_n.png?v=1398527052,3508,2480
231,第1屆臺南市市長擬參選人賴清德政治獻金專戶-支出-099/06/23-099/05/11,016,http://pic.pimg.tw/ronnywang/1398527273-545745747_n.png,3508,2480
448,第1屆臺南市市長擬參選人賴清德政治獻金專戶-支出-099/06/23-099/05/11,017,http://pic.pimg.tw/ronnywang/1398529394-2612087306_n.png?v=1398529404,3508,2480
360,第1屆臺南市市長擬參選人賴清德政治獻金專戶-支出-099/06/23-099/05/11,018,http://pic.pimg.tw/ronnywang/1398528543-2151271609_n.png,3508,2480
255,第1屆臺南市市長擬參選人賴清德政治獻金專戶-支出-099/06/23-099/05/11,019,http://pic.pimg.tw/ronnywang/1398527522-3421943184_n.png,3508,2480
454,第1屆臺南市市長擬參選人賴清德政治獻金專戶-支出-099/06/23-099/05/11,020,http://pic.pimg.tw/ronnywang/1398529455-1363641734_n.png?v=1398529463,3508,2480
289,第1屆臺南市市長擬參選人賴清德政治獻金專戶-支出-099/06/23-099/05/11,021,http://pic.pimg.tw/ronnywang/1398527848-1836459495_n.png,3508,2480
316,第1屆臺南市市長擬參選人賴清德政治獻金專戶-支出-099/06/23-099/05/11,022,http://pic.pimg.tw/ronnywang/1398528094-4270069208_n.png,3508,2480
411,第1屆臺南市市長擬參選人賴清德政治獻金專戶-支出-099/06/23-099/05/11,023,http://pic.pimg.tw/ronnywang/1398529016-3863989641_n.png,3508,2480
094,第1屆臺南市市長擬參選人賴清德政治獻金專戶-支出-099/06/23-099/05/11,024,http://pic.pimg.tw/ronnywang/1398525865-3526386314_n.png,3508,2480
274,第1屆臺南市市長擬參選人賴清德政治獻金專戶-支出-099/05/11-099/04/26,001,http://pic.pimg.tw/ronnywang/1398527708-2576008305_n.png,3508,2480
078,第1屆臺南市市長擬參選人賴清德政治獻金專戶-支出-099/05/11-099/04/26,002,http://pic.pimg.tw/ronnywang/1398525719-3008810764_n.png,3508,2480
366,第1屆臺南市市長擬參選人賴清德政治獻金專戶-支出-099/05/11-099/04/26,003,http://pic.pimg.tw/ronnywang/1398528593-1664808643_n.png,3508,2480
333,第1屆臺南市市長擬參選人賴清德政治獻金專戶-支出-099/05/11-099/04/26,004,http://pic.pimg.tw/ronnywang/1398528289-4015600089_n.png,3508,2480
207,第1屆臺南市市長擬參選人賴清德政治獻金專戶-支出-099/05/11-099/04/26,005,http://pic.pimg.tw/ronnywang/1398527037-1245823789_n.png?v=1398527046,3508,2480
185,第1屆臺南市市長擬參選人賴清德政治獻金專戶-支出-099/05/11-099/04/26,006,http://pic.pimg.tw/ronnywang/1398526819-3135829714_n.png?v=1398526829,3508,2480
075,第1屆臺南市市長擬參選人賴清德政治獻金專戶-支出-099/05/11-099/04/26,007,http://pic.pimg.tw/ronnywang/1398525687-1629458846_n.png?v=1398525698,3508,2480
110,第1屆臺南市市長擬參選人賴清德政治獻金專戶-支出-099/05/11-099/04/26,008,http://pic.pimg.tw/ronnywang/1398526046-326176916_n.png,3508,2480
215,第1屆臺南市市長擬參選人賴清德政治獻金專戶-支出-099/05/11-099/04/26,009,http://pic.pimg.tw/ronnywang/1398527110-619565811_n.png?v=1398527120,3508,2480
205,第1屆臺南市市長擬參選人賴清德政治獻金專戶-支出-099/05/11-099/04/26,000,http://pic.pimg.tw/ronnywang/1398527013-2714729011_n.png?v=1398527025,3508,2480
308,第1屆臺南市市長擬參選人賴清德政治獻金專戶-支出-099/05/11-099/04/26,011,http://pic.pimg.tw/ronnywang/1398528017-2598789754_n.png?v=1398528025,3508,2480
148,第1屆臺南市市長擬參選人賴清德政治獻金專戶-支出-099/05/11-099/04/26,012,http://pic.pimg.tw/ronnywang/1398526420-3073693974_n.png,3508,2480
387,第1屆臺南市市長擬參選人賴清德政治獻金專戶-支出-099/05/11-099/04/26,013,http://pic.pimg.tw/ronnywang/1398528775-1204360525_n.png,3508,2480
305,第1屆臺南市市長擬參選人賴清德政治獻金專戶-支出-099/05/11-099/04/26,014,http://pic.pimg.tw/ronnywang/1398527990-1118010239_n.png,3508,2480
121,第1屆臺南市市長擬參選人賴清德政治獻金專戶-支出-099/05/11-099/04/26,015,http://pic.pimg.tw/ronnywang/1398526157-1393683767_n.png,3508,2480
275,第1屆臺南市市長擬參選人賴清德政治獻金專戶-支出-099/05/11-099/04/26,016,http://pic.pimg.tw/ronnywang/1398527716-2952125579_n.png,3508,2480
345,第1屆臺南市市長擬參選人賴清德政治獻金專戶-支出-099/05/11-099/04/26,017,http://pic.pimg.tw/ronnywang/1398528405-1857720668_n.png?v=1398528415,3508,2480
467,第1屆臺南市市長擬參選人賴清德政治獻金專戶-支出-099/05/11-099/04/26,018,http://pic.pimg.tw/ronnywang/1398529573-3779425764_n.png,3508,2480
